"ID","SITE_ID","STAFF_ID","ATTENDANCE_DATE","IN_TIME","OUT_TIME","CREATED_AT","UPDATED_AT"
43,18,102,"2026-04-02","","","2026-04-02 17:29:13","2026-04-02 17:29:13"
41,18,130,"2026-04-02","","","2026-04-02 17:26:53","2026-04-02 17:26:53"
42,18,128,"2026-04-02","","","2026-04-02 17:28:27","2026-04-02 17:28:27"
44,35,98,"2026-04-02","","","2026-04-02 18:00:44","2026-04-02 18:00:44"
45,34,96,"2026-04-02","","","2026-04-02 18:46:30","2026-04-02 18:46:30"
47,6,106,"2026-04-02","","","2026-04-03 09:40:50","2026-04-03 09:40:50"
48,6,107,"2026-04-02","","","2026-04-03 09:41:16","2026-04-03 09:41:16"
49,83,136,"2026-04-02","","","2026-04-03 12:43:00","2026-04-03 12:43:00"
50,83,136,"2026-04-03","","","2026-04-03 12:44:37","2026-04-03 12:44:37"
58,82,135,"2026-04-02","08:35","17:32","2026-04-03 16:12:30","2026-04-03 16:12:30"
59,82,141,"2026-04-02","08:35","17:32","2026-04-03 16:13:06","2026-04-03 16:13:06"
60,82,140,"2026-04-02","08:10","17:00","2026-04-03 16:13:47","2026-04-03 16:13:47"
61,32,90,"2026-04-03","","","2026-04-03 17:09:33","2026-04-03 17:09:33"
62,32,16,"2026-04-03","","","2026-04-03 17:09:52","2026-04-03 17:09:52"
63,18,130,"2026-04-03","","","2026-04-03 17:32:58","2026-04-03 17:32:58"
65,18,102,"2026-04-03","","","2026-04-03 17:33:32","2026-04-03 17:33:32"
71,6,109,"2026-04-03","","","2026-04-03 17:36:39","2026-04-03 17:36:39"
74,6,106,"2026-04-03","","","2026-04-03 17:38:35","2026-04-03 17:38:35"
76,6,107,"2026-04-03","","","2026-04-03 17:39:13","2026-04-03 17:39:13"
78,82,140,"2026-04-03","08:12","17:10","2026-04-03 18:02:04","2026-04-03 18:02:04"
81,6,109,"2026-04-04","","","2026-04-04 13:51:51","2026-04-04 13:51:51"
83,6,106,"2026-04-04","","","2026-04-04 13:52:27","2026-04-04 13:52:27"
85,6,107,"2026-04-04","","","2026-04-04 13:53:06","2026-04-04 13:53:06"
87,6,108,"2026-04-04","","","2026-04-04 13:53:51","2026-04-04 13:53:51"
89,18,102,"2026-04-04","","","2026-04-04 14:02:25","2026-04-04 14:02:25"
91,18,128,"2026-04-04","","","2026-04-04 14:02:58","2026-04-04 14:02:58"
93,18,130,"2026-04-04","","","2026-04-04 14:03:27","2026-04-04 14:03:27"
101,32,16,"2026-04-02","","","2026-04-05 13:57:04","2026-04-05 13:57:04"
102,32,148,"2026-04-02","","","2026-04-05 13:57:28","2026-04-05 13:57:28"
105,32,148,"2026-04-03","","","2026-04-05 13:58:52","2026-04-05 13:58:52"
106,10,26,"2026-04-02","","","2026-04-05 14:24:58","2026-04-05 14:24:58"
108,29,88,"2026-04-02","","","2026-04-06 09:05:33","2026-04-06 09:05:33"
110,29,88,"2026-04-03","","","2026-04-06 09:06:28","2026-04-06 09:06:28"
111,8,23,"2026-04-02","","","2026-04-06 09:07:56","2026-04-06 09:07:56"
112,8,23,"2026-04-03","","","2026-04-06 09:08:14","2026-04-06 09:08:14"
113,6,76,"2026-04-04","","","2026-04-06 12:01:46","2026-04-06 12:01:46"
123,14,39,"2026-04-01","","","2026-04-06 12:06:49","2026-04-06 12:06:49"
124,14,40,"2026-04-01","","","2026-04-06 12:07:04","2026-04-06 12:07:04"
125,14,41,"2026-04-01","","","2026-04-06 12:07:36","2026-04-06 12:07:36"
126,14,42,"2026-04-01","","","2026-04-06 12:08:36","2026-04-06 12:08:36"
127,14,39,"2026-04-02","","","2026-04-06 12:11:45","2026-04-06 12:11:45"
128,14,40,"2026-04-02","","","2026-04-06 12:11:57","2026-04-06 12:11:57"
129,14,41,"2026-04-02","","","2026-04-06 12:12:15","2026-04-06 12:12:15"
130,14,42,"2026-04-02","","","2026-04-06 12:12:31","2026-04-06 12:12:31"
132,14,161,"2026-04-02","","","2026-04-06 12:14:02","2026-04-06 12:14:02"
133,14,39,"2026-04-03","","","2026-04-06 12:14:17","2026-04-06 12:14:17"
134,14,40,"2026-04-03","","","2026-04-06 12:14:30","2026-04-06 12:14:30"
135,14,41,"2026-04-03","","","2026-04-06 12:14:54","2026-04-06 12:14:54"
136,14,42,"2026-04-03","","","2026-04-06 12:15:06","2026-04-06 12:15:06"
138,14,161,"2026-04-03","","","2026-04-06 12:15:35","2026-04-06 12:15:35"
139,14,39,"2026-04-04","","","2026-04-06 12:15:54","2026-04-06 12:15:54"
140,14,40,"2026-04-04","","","2026-04-06 12:16:03","2026-04-06 12:16:03"
141,14,41,"2026-04-04","","","2026-04-06 12:16:17","2026-04-06 12:16:17"
142,14,42,"2026-04-04","","","2026-04-06 12:16:28","2026-04-06 12:16:28"
143,14,39,"2026-04-05","","","2026-04-06 12:18:19","2026-04-06 12:18:19"
144,14,40,"2026-04-05","","","2026-04-06 12:18:41","2026-04-06 12:18:41"
145,14,41,"2026-04-05","","","2026-04-06 12:19:05","2026-04-06 12:19:05"
147,36,99,"2026-04-02","","","2026-04-06 12:27:26","2026-04-06 12:27:26"
149,36,99,"2026-04-03","","","2026-04-06 12:30:10","2026-04-06 12:30:10"
151,36,100,"2026-04-03","","","2026-04-06 12:31:01","2026-04-06 12:31:01"
153,83,162,"2026-04-04","","","2026-04-06 13:16:10","2026-04-06 13:16:10"
155,83,136,"2026-04-04","","","2026-04-06 13:16:41","2026-04-06 13:16:41"
158,27,84,"2026-04-02","","","2026-04-06 13:31:01","2026-04-06 13:31:01"
159,15,43,"2026-04-02","","","2026-04-06 13:40:43","2026-04-06 13:40:43"
160,25,127,"2026-04-02","","","2026-04-06 13:51:03","2026-04-06 13:51:03"
162,25,127,"2026-04-03","","","2026-04-06 13:51:33","2026-04-06 13:51:33"
163,14,163,"2026-04-02","","","2026-04-06 14:49:26","2026-04-06 14:49:26"
164,14,163,"2026-04-03","","","2026-04-06 14:49:57","2026-04-06 14:49:57"
165,101,17,"2026-04-02","","","2026-04-06 15:18:57","2026-04-06 15:18:57"
167,11,27,"2026-04-06","08:20","17:02","2026-04-06 16:40:06","2026-04-06 16:58:50"
169,30,89,"2026-04-06","08:30","17:00","2026-04-06 16:52:58","2026-04-06 16:52:58"
170,32,148,"2026-04-04","","","2026-04-06 16:53:37","2026-04-06 16:53:37"
171,20,61,"2026-04-06","","","2026-04-06 16:54:59","2026-04-06 16:54:59"
172,33,77,"2026-04-06","","","2026-04-06 16:56:09","2026-04-06 16:56:09"
174,11,28,"2026-04-06","08:09","17:02","2026-04-06 16:59:23","2026-04-06 16:59:23"
175,32,16,"2026-04-06","","","2026-04-06 16:59:34","2026-04-06 16:59:34"
176,11,29,"2026-04-06","08:29","17:02","2026-04-06 16:59:49","2026-04-06 16:59:49"
177,11,30,"2026-04-06","08:38","17:03","2026-04-06 17:00:27","2026-04-06 17:00:27"
178,32,90,"2026-04-06","","","2026-04-06 17:00:33","2026-04-06 17:00:33"
180,11,47,"2026-04-06","08:35","21:00","2026-04-06 17:01:16","2026-04-06 17:01:16"
181,32,148,"2026-04-06","","","2026-04-06 17:01:45","2026-04-06 17:01:45"
182,33,92,"2026-04-06","","","2026-04-06 17:01:57","2026-04-06 17:01:57"
183,18,130,"2026-04-06","","","2026-04-06 17:15:44","2026-04-06 17:15:44"
185,18,102,"2026-04-06","","","2026-04-06 17:16:22","2026-04-06 17:16:22"
187,18,128,"2026-04-06","","","2026-04-06 17:17:11","2026-04-06 17:17:11"
189,35,97,"2026-04-06","","","2026-04-06 17:18:09","2026-04-06 17:18:09"
190,35,98,"2026-04-06","","","2026-04-06 17:18:33","2026-04-06 17:18:33"
191,101,17,"2026-04-06","","","2026-04-06 17:59:37","2026-04-06 17:59:37"
193,14,39,"2026-04-06","","","2026-04-07 08:44:16","2026-04-07 08:44:16"
194,14,40,"2026-04-06","","","2026-04-07 08:44:45","2026-04-07 08:44:45"
195,14,41,"2026-04-06","","","2026-04-07 08:44:57","2026-04-07 08:44:57"
196,14,42,"2026-04-06","","","2026-04-07 08:45:14","2026-04-07 08:45:14"
199,14,161,"2026-04-06","","","2026-04-07 08:46:03","2026-04-07 08:46:03"
200,14,163,"2026-04-06","","","2026-04-07 08:46:59","2026-04-07 08:46:59"
201,6,76,"2026-04-06","","","2026-04-07 08:47:12","2026-04-07 08:47:12"
203,6,106,"2026-04-06","","","2026-04-07 08:47:49","2026-04-07 08:47:49"
205,6,107,"2026-04-06","","","2026-04-07 08:48:37","2026-04-07 08:48:37"
207,6,108,"2026-04-06","","","2026-04-07 08:49:13","2026-04-07 08:49:13"
209,6,109,"2026-04-06","","","2026-04-07 08:49:46","2026-04-07 08:49:46"
211,25,127,"2026-04-06","","","2026-04-07 08:51:49","2026-04-07 08:51:49"
212,83,162,"2026-04-06","","","2026-04-07 08:54:18","2026-04-07 08:54:18"
214,83,136,"2026-04-06","","","2026-04-07 08:54:46","2026-04-07 08:54:46"
218,27,86,"2026-04-06","","","2026-04-07 08:58:49","2026-04-07 08:58:49"
219,34,96,"2026-04-06","","","2026-04-07 09:02:14","2026-04-07 09:02:14"
220,27,85,"2026-04-06","","","2026-04-07 09:02:21","2026-04-07 09:02:21"
221,102,165,"2026-04-02","07:45","19:15","2026-04-07 09:08:37","2026-04-07 09:08:37"
222,102,166,"2026-04-02","07:27","19:16","2026-04-07 09:09:10","2026-04-07 09:09:10"
223,102,166,"2026-04-03","07:30","17:05","2026-04-07 09:09:50","2026-04-07 09:09:50"
224,102,165,"2026-04-03","07:30","19:16","2026-04-07 09:10:25","2026-04-07 09:10:25"
225,102,165,"2026-04-06","07:45","19:15","2026-04-07 09:11:40","2026-04-07 09:11:40"
226,103,167,"2026-04-06","","","2026-04-07 09:11:42","2026-04-07 09:11:42"
227,102,166,"2026-04-06","07:40","17:06","2026-04-07 09:12:06","2026-04-07 09:12:06"
228,36,100,"2026-04-06","","","2026-04-07 09:18:22","2026-04-07 09:18:22"
230,36,99,"2026-04-06","","","2026-04-07 09:21:34","2026-04-07 09:21:34"
232,82,140,"2026-04-06","08:05","17:30","2026-04-07 09:32:55","2026-04-07 09:32:55"
233,82,135,"2026-04-06","08:29","05:15","2026-04-07 09:33:25","2026-04-07 09:33:25"
236,13,34,"2026-04-02","07:10","05:00","2026-04-07 10:08:56","2026-04-07 10:08:56"
237,13,35,"2026-04-02","08:25","05:00","2026-04-07 10:09:52","2026-04-07 10:09:52"
238,13,34,"2026-04-03","07:20","05:10","2026-04-07 10:10:45","2026-04-07 10:10:45"
239,13,35,"2026-04-03","08:20","05:10","2026-04-07 10:11:24","2026-04-07 10:11:24"
240,13,34,"2026-04-04","07:35","13:30","2026-04-07 10:45:34","2026-04-07 10:45:34"
241,13,35,"2026-04-04","08:00","12:30","2026-04-07 10:46:09","2026-04-07 10:46:09"
242,13,35,"2026-04-06","08:35","06:00","2026-04-07 10:48:10","2026-04-07 10:48:25"
244,13,34,"2026-04-06","07:15","05:00","2026-04-07 10:49:23","2026-04-07 10:49:53"
247,20,61,"2026-04-07","","","2026-04-07 11:14:41","2026-04-07 11:14:41"
248,12,36,"2026-04-01","08:00","05:00","2026-04-07 11:16:21","2026-04-07 11:16:36"
250,12,36,"2026-04-02","08:30","05:00","2026-04-07 11:17:54","2026-04-07 11:17:54"
251,12,38,"2026-04-02","07:42","05:02","2026-04-07 11:18:20","2026-04-07 11:18:20"
252,12,37,"2026-04-02","07:42","05:02","2026-04-07 11:18:45","2026-04-07 11:18:45"
253,12,36,"2026-04-03","07:11","05:03","2026-04-07 11:20:37","2026-04-07 11:20:37"
254,12,37,"2026-04-03","08:22","05:03","2026-04-07 11:20:54","2026-04-07 11:20:54"
255,12,38,"2026-04-03","07:38","05:03","2026-04-07 11:21:14","2026-04-07 11:21:14"
256,12,36,"2026-04-04","08:30","05:30","2026-04-07 11:22:26","2026-04-07 11:22:26"
257,12,37,"2026-04-04","08:12","05:35","2026-04-07 11:23:03","2026-04-07 11:23:03"
258,12,38,"2026-04-04","08:00","05:33","2026-04-07 11:23:18","2026-04-07 11:23:18"
259,12,36,"2026-04-05","08:00","05:00","2026-04-07 11:24:07","2026-04-07 11:24:33"
261,12,37,"2026-04-05","08:00","05:00","2026-04-07 11:24:49","2026-04-07 11:24:49"
262,12,38,"2026-04-05","07:55","05:00","2026-04-07 11:25:23","2026-04-07 11:25:23"
263,12,36,"2026-04-06","07:08","05:00","2026-04-07 11:26:08","2026-04-07 11:26:32"
266,12,37,"2026-04-06","07:49","05:03","2026-04-07 11:26:52","2026-04-07 11:26:52"
267,12,38,"2026-04-06","07:38","05:02","2026-04-07 11:27:17","2026-04-07 11:27:17"
268,33,77,"2026-04-02","","","2026-04-07 11:38:58","2026-04-07 11:38:58"
269,33,77,"2026-04-03","","","2026-04-07 11:39:20","2026-04-07 11:39:20"
270,33,77,"2026-04-04","","","2026-04-07 11:39:38","2026-04-07 11:39:38"
271,33,92,"2026-04-07","","","2026-04-07 16:53:51","2026-04-07 16:53:51"
272,33,77,"2026-04-07","","","2026-04-07 16:58:18","2026-04-07 16:58:18"
273,32,16,"2026-04-07","","","2026-04-07 17:01:23","2026-04-07 17:01:23"
274,32,90,"2026-04-07","","","2026-04-07 17:02:02","2026-04-07 17:02:02"
275,32,148,"2026-04-07","","","2026-04-07 17:02:31","2026-04-07 17:02:31"
276,30,89,"2026-04-07","","","2026-04-07 17:12:38","2026-04-07 17:12:38"
277,11,27,"2026-04-07","08:30","17:19","2026-04-07 17:22:05","2026-04-07 17:22:05"
278,11,28,"2026-04-07","08:09","17:21","2026-04-07 17:22:26","2026-04-07 17:22:26"
279,11,29,"2026-04-07","08:18","17:18","2026-04-07 17:22:50","2026-04-07 17:22:50"
280,11,30,"2026-04-07","09:15","17:19","2026-04-07 17:23:15","2026-04-07 17:23:15"
281,11,47,"2026-04-07","20:22","17:22","2026-04-07 17:23:44","2026-04-07 17:23:44"
282,18,128,"2026-04-07","","","2026-04-07 17:34:13","2026-04-07 17:34:13"
284,18,130,"2026-04-07","","","2026-04-07 17:35:06","2026-04-07 17:35:06"
286,18,102,"2026-04-07","","","2026-04-07 17:36:07","2026-04-07 17:36:07"
288,101,17,"2026-04-07","","","2026-04-07 17:40:59","2026-04-07 17:40:59"
292,35,97,"2026-04-07","","","2026-04-07 17:51:38","2026-04-07 17:51:38"
293,35,98,"2026-04-07","","","2026-04-07 17:52:05","2026-04-07 17:52:05"
294,14,39,"2026-04-08","","","2026-04-08 08:32:26","2026-04-08 08:32:26"
295,14,39,"2026-04-07","","","2026-04-08 08:32:46","2026-04-08 08:32:46"
296,14,40,"2026-04-07","","","2026-04-08 08:33:04","2026-04-08 08:33:04"
297,14,42,"2026-04-07","","","2026-04-08 08:33:27","2026-04-08 08:33:27"
298,14,161,"2026-04-07","","","2026-04-08 08:33:41","2026-04-08 08:33:41"
299,36,100,"2026-04-07","","","2026-04-08 09:39:22","2026-04-08 09:39:22"
301,36,99,"2026-04-07","","","2026-04-08 09:40:37","2026-04-08 09:40:37"
303,102,166,"2026-04-07","07:41","19:17","2026-04-08 09:41:56","2026-04-08 09:41:56"
304,102,165,"2026-04-07","07:40","19:16","2026-04-08 09:42:32","2026-04-08 09:42:32"
305,82,141,"2026-04-07","08:30","21:30","2026-04-08 09:45:18","2026-04-08 09:45:18"
306,82,135,"2026-04-07","08:45","21:30","2026-04-08 09:45:48","2026-04-08 09:45:48"
307,82,140,"2026-04-07","08:05","21:30","2026-04-08 09:48:39","2026-04-08 09:48:39"
308,6,76,"2026-04-07","","","2026-04-08 12:58:26","2026-04-08 12:58:26"
310,6,106,"2026-04-07","","","2026-04-08 12:59:06","2026-04-08 12:59:06"
312,6,107,"2026-04-07","","","2026-04-08 12:59:46","2026-04-08 12:59:46"
314,6,108,"2026-04-07","","","2026-04-08 13:00:40","2026-04-08 13:00:40"
316,6,109,"2026-04-07","","","2026-04-08 13:01:26","2026-04-08 13:01:26"
318,83,162,"2026-04-07","","","2026-04-08 13:08:13","2026-04-08 13:08:13"
320,83,136,"2026-04-07","","","2026-04-08 13:08:45","2026-04-08 13:08:45"
325,15,43,"2026-04-03","","","2026-04-08 13:14:14","2026-04-08 13:14:14"
327,7,18,"2026-04-02","06:15","17:30","2026-04-08 14:00:09","2026-04-08 14:00:09"
328,7,20,"2026-04-02","07:30","17:30","2026-04-08 14:09:06","2026-04-08 14:09:06"
329,7,21,"2026-04-02","07:30","18:30","2026-04-08 14:10:35","2026-04-08 14:10:35"
330,7,125,"2026-04-02","08:00","18:00","2026-04-08 14:12:02","2026-04-08 14:12:02"
331,7,12,"2026-04-02","08:00","19:00","2026-04-08 14:15:41","2026-04-08 14:15:41"
332,7,19,"2026-04-03","08:00","18:10","2026-04-08 14:23:56","2026-04-08 14:23:56"
333,7,18,"2026-04-03","06:15","17:30","2026-04-08 14:24:51","2026-04-08 14:24:51"
334,7,20,"2026-04-03","07:30","17:30","2026-04-08 14:25:47","2026-04-08 14:25:47"
335,7,21,"2026-04-03","07:30","17:30","2026-04-08 14:26:38","2026-04-08 14:26:38"
336,7,12,"2026-04-03","08:00","19:00","2026-04-08 14:27:46","2026-04-08 14:27:46"
337,7,18,"2026-04-04","06:15","17:30","2026-04-08 14:33:32","2026-04-08 14:33:32"
338,7,19,"2026-04-04","08:00","18:10","2026-04-08 14:34:24","2026-04-08 14:34:24"
339,7,20,"2026-04-04","07:30","17:30","2026-04-08 14:38:39","2026-04-08 14:38:39"
340,7,21,"2026-04-04","07:30","17:30","2026-04-08 14:39:25","2026-04-08 14:39:25"
341,7,125,"2026-04-04","08:00","18:00","2026-04-08 14:40:34","2026-04-08 14:40:34"
342,7,12,"2026-04-04","08:00","19:00","2026-04-08 14:41:42","2026-04-08 14:41:42"
343,7,20,"2026-04-05","","","2026-04-08 14:44:07","2026-04-08 14:44:07"
344,7,21,"2026-04-05","","","2026-04-08 14:44:23","2026-04-08 14:44:23"
345,7,18,"2026-04-06","06:15","17:30","2026-04-08 14:46:58","2026-04-08 14:46:58"
346,7,19,"2026-04-06","08:00","18:10","2026-04-08 14:48:24","2026-04-08 14:48:24"
347,7,20,"2026-04-06","07:30","17:30","2026-04-08 14:49:32","2026-04-08 14:49:32"
348,7,21,"2026-04-06","07:30","17:30","2026-04-08 14:50:33","2026-04-08 14:50:33"
349,7,125,"2026-04-06","08:00","18:00","2026-04-08 14:52:46","2026-04-08 14:52:46"
350,7,12,"2026-04-06","08:00","19:00","2026-04-08 14:53:45","2026-04-08 14:53:45"
351,7,18,"2026-04-07","06:15","17:30","2026-04-08 15:07:32","2026-04-08 15:07:32"
352,7,19,"2026-04-07","08:00","18:10","2026-04-08 15:09:28","2026-04-08 15:09:28"
353,7,20,"2026-04-07","07:30","17:30","2026-04-08 15:10:59","2026-04-08 15:10:59"
354,7,21,"2026-04-07","07:30","17:30","2026-04-08 15:11:55","2026-04-08 15:11:55"
355,7,125,"2026-04-07","08:00","18:00","2026-04-08 15:12:49","2026-04-08 15:12:49"
356,7,12,"2026-04-07","08:00","19:00","2026-04-08 15:13:44","2026-04-08 15:13:44"
357,15,43,"2026-04-06","","","2026-04-08 15:23:21","2026-04-08 15:23:21"
358,15,43,"2026-04-07","","","2026-04-08 15:24:28","2026-04-08 15:24:28"
359,27,85,"2026-04-07","","","2026-04-08 15:29:18","2026-04-08 15:29:18"
360,27,84,"2026-04-07","","","2026-04-08 15:29:53","2026-04-08 15:29:53"
361,27,86,"2026-04-07","","","2026-04-08 15:30:11","2026-04-08 15:30:11"
362,11,27,"2026-04-08","08:32","17:03","2026-04-08 16:01:45","2026-04-08 16:01:45"
363,11,28,"2026-04-08","08:05","17:01","2026-04-08 16:02:20","2026-04-08 16:02:20"
364,11,29,"2026-04-08","08:25","17:05","2026-04-08 16:02:53","2026-04-08 16:02:53"
365,11,30,"2026-04-08","08:57","17:30","2026-04-08 16:05:02","2026-04-08 16:05:02"
366,11,47,"2026-04-08","08:55","17:30","2026-04-08 16:06:04","2026-04-08 16:06:04"
367,30,89,"2026-04-08","","","2026-04-08 16:40:19","2026-04-08 16:40:19"
368,30,78,"2026-04-08","","","2026-04-08 16:40:46","2026-04-08 16:40:46"
369,32,16,"2026-04-08","","","2026-04-08 16:54:24","2026-04-08 16:54:24"
370,32,90,"2026-04-08","","","2026-04-08 16:54:37","2026-04-08 16:54:37"
371,32,91,"2026-04-08","","","2026-04-08 16:54:54","2026-04-08 16:54:54"
372,33,77,"2026-04-08","","","2026-04-08 17:00:12","2026-04-08 17:00:12"
373,33,92,"2026-04-08","","","2026-04-08 17:00:31","2026-04-08 17:00:31"
374,101,17,"2026-04-08","","","2026-04-08 17:13:13","2026-04-08 17:13:13"
376,35,97,"2026-04-08","","","2026-04-08 17:14:22","2026-04-08 17:14:22"
377,35,98,"2026-04-08","","","2026-04-08 17:14:45","2026-04-08 17:14:45"
378,18,102,"2026-04-08","","","2026-04-08 17:39:59","2026-04-08 17:39:59"
380,18,128,"2026-04-08","","","2026-04-08 17:40:35","2026-04-08 17:40:35"
382,18,130,"2026-04-08","","","2026-04-08 17:41:28","2026-04-08 17:41:28"
387,34,96,"2026-04-07","","","2026-04-09 09:25:27","2026-04-09 09:25:27"
394,34,96,"2026-04-08","","","2026-04-09 09:28:20","2026-04-09 09:28:20"
397,82,141,"2026-04-08","08:20","18:00","2026-04-09 09:36:12","2026-04-09 09:36:12"
398,82,135,"2026-04-08","09:15","18:00","2026-04-09 09:38:59","2026-04-09 09:38:59"
399,82,140,"2026-04-08","08:05","06:00","2026-04-09 09:39:30","2026-04-09 09:39:30"
400,82,181,"2026-04-08","09:15","17:30","2026-04-09 09:47:56","2026-04-09 09:47:56"
401,36,99,"2026-04-08","","","2026-04-09 09:49:57","2026-04-09 09:49:57"
403,36,100,"2026-04-08","","","2026-04-09 09:50:24","2026-04-09 09:50:24"
405,102,165,"2026-04-08","07:45","17:05","2026-04-09 10:19:05","2026-04-09 10:19:05"
406,102,166,"2026-04-08","07:42","17:05","2026-04-09 10:19:52","2026-04-09 10:19:52"
407,6,76,"2026-04-08","","","2026-04-09 10:39:46","2026-04-09 10:39:46"
409,6,106,"2026-04-08","","","2026-04-09 10:40:28","2026-04-09 10:40:28"
411,6,107,"2026-04-08","","","2026-04-09 10:52:27","2026-04-09 10:52:27"
413,6,108,"2026-04-08","","","2026-04-09 10:53:17","2026-04-09 10:53:17"
415,6,109,"2026-04-08","","","2026-04-09 10:54:06","2026-04-09 10:54:06"
419,14,40,"2026-04-08","","","2026-04-09 11:03:29","2026-04-09 11:03:29"
421,83,162,"2026-04-08","","","2026-04-09 11:03:49","2026-04-09 11:03:49"
422,14,41,"2026-04-08","","","2026-04-09 11:03:54","2026-04-09 11:03:54"
423,14,42,"2026-04-08","","","2026-04-09 11:04:17","2026-04-09 11:04:17"
425,14,161,"2026-04-08","","","2026-04-09 11:04:45","2026-04-09 11:04:45"
426,83,136,"2026-04-08","","","2026-04-09 11:04:48","2026-04-09 11:04:48"
432,15,43,"2026-04-08","","","2026-04-09 11:37:32","2026-04-09 11:37:32"
434,7,18,"2026-04-08","06:15","17:30","2026-04-09 11:38:52","2026-04-09 11:38:52"
435,7,19,"2026-04-08","08:00","18:10","2026-04-09 11:39:38","2026-04-09 11:39:38"
436,7,20,"2026-04-08","07:30","17:30","2026-04-09 11:40:22","2026-04-09 11:40:22"
437,7,21,"2026-04-08","07:30","17:30","2026-04-09 11:41:02","2026-04-09 11:41:02"
438,7,125,"2026-04-08","08:00","18:00","2026-04-09 11:41:46","2026-04-09 11:41:46"
439,27,85,"2026-04-08","","","2026-04-09 11:42:54","2026-04-09 11:42:54"
440,27,86,"2026-04-08","","","2026-04-09 11:43:14","2026-04-09 11:43:14"
441,11,27,"2026-04-09","08:33","17:03","2026-04-09 16:17:29","2026-04-09 16:17:29"
442,11,28,"2026-04-09","08:16","17:01","2026-04-09 16:18:27","2026-04-09 16:18:27"
443,11,29,"2026-04-09","08:25","17:02","2026-04-09 16:19:10","2026-04-09 16:19:10"
444,11,30,"2026-04-09","10:02","17:00","2026-04-09 16:19:59","2026-04-09 16:19:59"
445,11,47,"2026-04-09","08:50","19:00","2026-04-09 16:22:00","2026-04-09 16:22:00"
446,30,78,"2026-04-09","","","2026-04-09 16:56:18","2026-04-09 16:56:18"
447,30,89,"2026-04-09","","","2026-04-09 16:56:43","2026-04-09 16:56:43"
448,32,16,"2026-04-09","","","2026-04-09 17:00:53","2026-04-09 17:00:53"
449,32,90,"2026-04-09","","","2026-04-09 17:01:09","2026-04-09 17:01:09"
450,32,91,"2026-04-09","","","2026-04-09 17:01:32","2026-04-09 17:01:32"
451,33,77,"2026-04-09","","","2026-04-09 17:04:34","2026-04-09 17:04:34"
452,35,97,"2026-04-09","","","2026-04-09 17:28:25","2026-04-09 17:28:25"
453,35,98,"2026-04-09","","","2026-04-09 17:28:38","2026-04-09 17:28:38"
454,34,96,"2026-04-09","","","2026-04-09 17:40:45","2026-04-09 17:40:45"
457,33,92,"2026-04-09","","","2026-04-09 17:47:51","2026-04-09 17:47:51"
458,18,102,"2026-04-09","","","2026-04-09 17:49:49","2026-04-09 17:49:49"
460,18,128,"2026-04-09","","","2026-04-09 17:50:32","2026-04-09 17:50:32"
462,18,130,"2026-04-09","","","2026-04-09 17:51:07","2026-04-09 17:51:07"
463,121,113,"2026-04-02","","","2026-04-10 08:40:27","2026-04-10 08:40:27"
464,121,183,"2026-04-02","","","2026-04-10 08:42:34","2026-04-10 08:42:34"
465,121,183,"2026-04-03","","","2026-04-10 08:42:58","2026-04-10 08:42:58"
466,121,113,"2026-04-03","","","2026-04-10 08:44:07","2026-04-10 08:44:07"
467,121,113,"2026-04-07","","","2026-04-10 08:44:37","2026-04-10 08:44:37"
468,121,183,"2026-04-07","","","2026-04-10 08:44:57","2026-04-10 08:44:57"
469,121,113,"2026-04-08","","","2026-04-10 08:45:18","2026-04-10 08:45:18"
470,121,183,"2026-04-08","","","2026-04-10 08:45:30","2026-04-10 08:45:30"
471,121,113,"2026-04-09","","","2026-04-10 08:45:48","2026-04-10 08:45:48"
472,121,183,"2026-04-09","","","2026-04-10 08:46:12","2026-04-10 08:46:12"
473,82,181,"2026-04-10","08:20","19:00","2026-04-10 09:21:46","2026-04-14 13:16:58"
474,82,135,"2026-04-10","08:29","19:00","2026-04-10 09:22:37","2026-04-14 13:15:02"
475,82,140,"2026-04-10","08:15","18:30","2026-04-10 09:24:06","2026-04-14 13:19:02"
476,101,17,"2026-04-09","","","2026-04-10 09:30:10","2026-04-10 09:30:10"
478,82,181,"2026-04-09","08:00","17:10","2026-04-10 09:31:48","2026-04-10 09:31:48"
479,82,135,"2026-04-09","08:21","18:00","2026-04-10 09:32:14","2026-04-10 09:32:14"
480,82,140,"2026-04-09","08:21","22:00","2026-04-10 09:32:49","2026-04-10 09:32:49"
481,102,165,"2026-04-09","07:45","19:15","2026-04-10 09:34:05","2026-04-10 09:34:05"
482,102,166,"2026-04-09","07:43","19:16","2026-04-10 09:34:23","2026-04-10 09:34:23"
483,36,99,"2026-04-09","","","2026-04-10 09:45:04","2026-04-10 09:45:04"
485,36,100,"2026-04-09","","","2026-04-10 09:45:45","2026-04-10 09:45:45"
487,6,76,"2026-04-09","","","2026-04-10 13:11:13","2026-04-10 13:11:13"
489,6,106,"2026-04-09","","","2026-04-10 13:11:37","2026-04-10 13:11:37"
491,6,107,"2026-04-09","","","2026-04-10 13:12:08","2026-04-10 13:12:08"
493,6,108,"2026-04-09","","","2026-04-10 13:12:44","2026-04-10 13:12:44"
495,83,162,"2026-04-09","","","2026-04-10 13:14:10","2026-04-10 13:14:10"
497,83,136,"2026-04-09","","","2026-04-10 13:17:14","2026-04-10 13:17:14"
501,83,184,"2026-04-09","","","2026-04-10 13:22:09","2026-04-10 13:22:09"
503,7,18,"2026-04-09","06:15","17:30","2026-04-10 13:23:43","2026-04-10 13:23:43"
504,7,19,"2026-04-09","08:00","18:24","2026-04-10 13:24:47","2026-04-10 13:24:47"
505,7,20,"2026-04-09","07:30","17:30","2026-04-10 13:25:31","2026-04-10 13:25:31"
506,7,21,"2026-04-09","07:30","17:30","2026-04-10 13:26:08","2026-04-10 13:26:08"
507,7,125,"2026-04-09","08:00","18:00","2026-04-10 13:27:08","2026-04-10 13:27:08"
508,15,43,"2026-04-09","","","2026-04-10 13:27:46","2026-04-10 13:27:46"
510,27,86,"2026-04-09","","","2026-04-10 13:29:15","2026-04-10 13:29:15"
512,27,83,"2026-04-09","","","2026-04-10 13:29:59","2026-04-10 13:29:59"
513,27,85,"2026-04-09","","","2026-04-10 13:30:26","2026-04-10 13:30:26"
514,25,127,"2026-04-07","","","2026-04-10 13:36:08","2026-04-10 13:36:08"
515,25,127,"2026-04-08","","","2026-04-10 13:36:23","2026-04-10 13:36:23"
516,11,27,"2026-04-10","08:27","17:02","2026-04-10 15:46:26","2026-04-10 15:46:26"
517,11,28,"2026-04-10","08:15","17:01","2026-04-10 15:47:05","2026-04-20 16:57:22"
518,11,29,"2026-04-10","08:27","17:02","2026-04-10 15:47:45","2026-04-10 15:47:45"
519,11,30,"2026-04-10","08:35","17:03","2026-04-10 15:48:20","2026-04-10 15:48:20"
520,11,47,"2026-04-10","09:00","20:30","2026-04-10 15:49:31","2026-04-10 15:49:31"
521,14,39,"2026-04-10","","","2026-04-10 15:51:49","2026-04-10 15:51:49"
522,14,40,"2026-04-10","","","2026-04-10 15:52:03","2026-04-10 15:52:03"
523,14,41,"2026-04-10","","","2026-04-10 15:52:17","2026-04-10 15:52:17"
524,14,42,"2026-04-10","","","2026-04-10 15:52:34","2026-04-10 15:52:34"
525,14,161,"2026-04-10","","","2026-04-10 15:52:50","2026-04-10 15:52:50"
526,14,39,"2026-04-09","","","2026-04-10 15:53:44","2026-04-10 15:53:44"
527,14,40,"2026-04-09","","","2026-04-10 15:53:59","2026-04-10 15:53:59"
528,14,41,"2026-04-09","","","2026-04-10 15:54:13","2026-04-10 15:54:13"
529,14,42,"2026-04-09","","","2026-04-10 15:54:29","2026-04-10 15:54:29"
531,14,161,"2026-04-09","","","2026-04-10 15:54:58","2026-04-10 15:54:58"
532,30,89,"2026-04-10","08:30","17:00","2026-04-10 16:27:07","2026-04-10 16:27:07"
533,83,184,"2026-04-08","","","2026-04-10 16:38:23","2026-04-10 16:38:23"
535,27,83,"2026-04-10","","","2026-04-10 16:41:07","2026-04-10 16:41:07"
536,27,86,"2026-04-10","","","2026-04-10 16:41:38","2026-04-10 16:41:38"
537,27,85,"2026-04-10","","","2026-04-10 16:41:59","2026-04-10 16:41:59"
538,27,84,"2026-04-10","","","2026-04-10 16:42:30","2026-04-10 16:42:30"
539,83,184,"2026-04-10","","","2026-04-10 16:43:26","2026-04-10 16:43:26"
541,83,162,"2026-04-10","","","2026-04-10 16:44:28","2026-04-10 16:44:28"
543,33,92,"2026-04-10","","","2026-04-10 16:47:51","2026-04-10 16:47:51"
549,14,163,"2026-04-10","","","2026-04-10 16:56:07","2026-04-10 16:56:07"
550,33,77,"2026-04-10","","","2026-04-10 17:01:10","2026-04-10 17:01:10"
551,20,61,"2026-04-10","","","2026-04-10 17:04:18","2026-04-10 17:04:18"
552,20,110,"2026-04-10","","","2026-04-10 17:04:36","2026-04-10 17:04:36"
553,32,16,"2026-04-10","","","2026-04-10 17:09:00","2026-04-10 17:09:00"
554,32,90,"2026-04-10","","","2026-04-10 17:09:29","2026-04-10 17:09:29"
555,32,91,"2026-04-10","","","2026-04-10 17:09:49","2026-04-10 17:09:49"
556,37,93,"2026-04-06","08:30","17:00","2026-04-10 17:31:14","2026-04-10 17:31:14"
557,37,185,"2026-04-06","08:00","17:00","2026-04-10 17:31:41","2026-04-10 17:31:41"
558,37,187,"2026-04-06","08:00","17:00","2026-04-10 17:32:03","2026-04-10 17:32:03"
559,37,93,"2026-04-07","08:00","17:00","2026-04-10 17:33:06","2026-04-10 17:33:50"
560,37,185,"2026-04-07","08:00","17:00","2026-04-10 17:33:43","2026-04-10 17:33:43"
562,37,187,"2026-04-07","08:00","17:00","2026-04-10 17:34:13","2026-04-10 17:34:13"
563,37,93,"2026-04-08","08:00","17:00","2026-04-10 17:34:45","2026-04-10 17:34:45"
564,37,185,"2026-04-08","08:00","17:00","2026-04-10 17:35:03","2026-04-10 17:35:03"
565,37,187,"2026-04-08","08:00","17:00","2026-04-10 17:35:25","2026-04-10 17:35:25"
566,37,93,"2026-04-09","08:00","17:00","2026-04-10 17:36:00","2026-04-10 17:36:00"
567,37,185,"2026-04-09","08:00","17:00","2026-04-10 17:36:23","2026-04-10 17:36:23"
568,37,187,"2026-04-09","08:00","17:00","2026-04-10 17:36:49","2026-04-10 17:36:49"
569,37,185,"2026-04-10","08:00","17:00","2026-04-10 17:37:30","2026-04-10 17:37:30"
570,37,93,"2026-04-10","08:00","17:00","2026-04-10 17:37:44","2026-04-10 17:37:44"
571,37,187,"2026-04-10","08:00","17:00","2026-04-10 17:38:39","2026-04-10 17:38:39"
572,39,94,"2026-04-08","","","2026-04-10 17:40:26","2026-04-10 17:40:26"
573,39,121,"2026-04-08","","","2026-04-10 17:40:46","2026-04-10 17:40:46"
574,39,186,"2026-04-08","","","2026-04-10 17:40:59","2026-04-10 17:40:59"
575,39,94,"2026-04-09","","","2026-04-10 17:41:19","2026-04-10 17:41:19"
577,39,186,"2026-04-09","","","2026-04-10 17:41:52","2026-04-10 17:41:52"
578,39,94,"2026-04-10","","","2026-04-10 17:42:51","2026-04-10 17:42:51"
579,39,121,"2026-04-10","","","2026-04-10 17:43:01","2026-04-10 17:43:01"
580,39,186,"2026-04-10","","","2026-04-10 17:43:12","2026-04-10 17:43:12"
581,38,95,"2026-04-06","08:00","17:00","2026-04-10 17:44:12","2026-04-10 17:44:12"
582,38,122,"2026-04-06","08:00","17:00","2026-04-10 17:44:28","2026-04-10 17:44:28"
583,38,188,"2026-04-06","08:00","17:00","2026-04-10 17:44:45","2026-04-10 17:44:45"
584,38,95,"2026-04-10","08:00","17:00","2026-04-10 17:45:25","2026-04-10 17:45:25"
585,38,122,"2026-04-10","08:00","17:00","2026-04-10 17:45:45","2026-04-10 17:45:45"
586,38,188,"2026-04-10","08:00","17:00","2026-04-10 17:46:04","2026-04-10 17:46:04"
587,121,183,"2026-04-10","","","2026-04-10 17:50:42","2026-04-10 17:50:42"
588,121,113,"2026-04-10","","","2026-04-10 17:50:51","2026-04-10 17:50:51"
589,18,130,"2026-04-10","","","2026-04-10 17:53:05","2026-04-10 17:53:05"
591,18,128,"2026-04-10","","","2026-04-10 17:53:48","2026-04-10 17:53:48"
593,18,102,"2026-04-10","","","2026-04-10 17:54:27","2026-04-10 17:54:27"
595,35,97,"2026-04-10","","","2026-04-10 17:56:01","2026-04-10 17:56:01"
596,35,98,"2026-04-10","","","2026-04-10 17:56:13","2026-04-10 17:56:13"
597,6,106,"2026-04-10","","","2026-04-10 18:02:47","2026-04-10 18:02:47"
599,6,108,"2026-04-10","","","2026-04-10 18:03:22","2026-04-10 18:03:22"
601,101,17,"2026-04-10","","","2026-04-10 18:06:41","2026-04-10 18:06:41"
603,36,99,"2026-04-10","","","2026-04-10 18:08:47","2026-04-10 18:08:47"
605,36,100,"2026-04-10","","","2026-04-10 18:09:14","2026-04-10 18:09:14"
610,8,23,"2026-04-06","","","2026-04-11 06:19:48","2026-04-11 06:19:48"
611,8,23,"2026-04-07","","","2026-04-11 06:20:03","2026-04-11 06:20:03"
612,8,23,"2026-04-08","","","2026-04-11 06:20:18","2026-04-11 06:20:18"
613,8,23,"2026-04-09","","","2026-04-11 06:20:34","2026-04-11 06:20:34"
614,8,23,"2026-04-10","","","2026-04-11 06:20:49","2026-04-11 06:20:49"
617,29,88,"2026-04-06","","","2026-04-11 06:23:51","2026-04-11 06:23:51"
618,29,88,"2026-04-07","","","2026-04-11 06:24:07","2026-04-11 06:24:07"
619,29,88,"2026-04-08","","","2026-04-11 06:24:22","2026-04-11 06:24:22"
620,10,26,"2026-04-03","","","2026-04-11 06:26:26","2026-04-11 06:26:26"
622,10,26,"2026-04-06","","","2026-04-11 06:27:00","2026-04-11 06:27:00"
624,10,26,"2026-04-07","","","2026-04-11 06:27:32","2026-04-11 06:27:32"
626,10,26,"2026-04-08","","","2026-04-11 06:28:04","2026-04-11 06:28:04"
627,10,26,"2026-04-09","","","2026-04-11 06:28:19","2026-04-11 06:28:19"
629,23,72,"2026-04-02","","","2026-04-11 06:31:36","2026-04-11 06:31:36"
630,23,72,"2026-04-06","","","2026-04-11 06:31:55","2026-04-11 06:31:55"
631,23,72,"2026-04-07","","","2026-04-11 06:32:11","2026-04-11 06:32:11"
632,23,72,"2026-04-08","","","2026-04-11 06:32:26","2026-04-11 06:32:26"
633,26,139,"2026-04-06","","","2026-04-11 06:33:08","2026-04-11 06:33:08"
634,26,139,"2026-04-07","","","2026-04-11 06:33:24","2026-04-11 06:33:24"
635,26,139,"2026-04-08","","","2026-04-11 06:33:38","2026-04-11 06:33:38"
636,24,73,"2026-04-02","","","2026-04-11 06:42:57","2026-04-11 06:42:57"
638,24,74,"2026-04-02","","","2026-04-11 06:43:46","2026-04-11 06:43:46"
644,24,129,"2026-04-02","","","2026-04-11 06:46:36","2026-04-11 06:46:36"
645,24,142,"2026-04-02","","","2026-04-11 06:47:05","2026-04-11 06:47:05"
646,20,110,"2026-04-11","","","2026-04-11 13:03:20","2026-04-11 13:03:20"
647,33,92,"2026-04-11","","","2026-04-11 13:56:26","2026-04-11 13:56:26"
648,11,28,"2026-04-11","08:23","15:40","2026-04-11 15:39:49","2026-04-11 15:39:49"
649,11,29,"2026-04-11","08:27","13:36","2026-04-11 15:40:31","2026-04-11 15:40:31"
650,11,47,"2026-04-11","09:10","16:00","2026-04-11 15:41:11","2026-04-11 15:41:11"
661,24,129,"2026-04-03","","","2026-04-12 06:09:18","2026-04-12 06:09:18"
662,24,74,"2026-04-03","","","2026-04-12 06:09:41","2026-04-12 06:09:41"
667,24,73,"2026-04-03","","","2026-04-12 06:11:19","2026-04-12 06:11:19"
669,24,142,"2026-04-03","","","2026-04-12 06:12:03","2026-04-12 06:12:03"
670,24,129,"2026-04-04","","","2026-04-12 06:12:45","2026-04-12 06:12:45"
671,24,74,"2026-04-04","","","2026-04-12 06:13:09","2026-04-12 06:13:09"
672,24,73,"2026-04-04","","","2026-04-12 06:13:30","2026-04-12 06:13:30"
673,24,142,"2026-04-04","","","2026-04-12 06:13:53","2026-04-12 06:13:53"
674,24,129,"2026-04-06","","","2026-04-12 06:14:24","2026-04-12 06:14:24"
675,24,74,"2026-04-06","","","2026-04-12 06:14:48","2026-04-12 06:14:48"
679,24,73,"2026-04-06","","","2026-04-12 06:16:00","2026-04-12 06:16:00"
681,24,129,"2026-04-07","","","2026-04-12 06:18:04","2026-04-12 06:18:04"
682,24,74,"2026-04-07","","","2026-04-12 06:18:24","2026-04-12 06:18:24"
686,24,73,"2026-04-07","","","2026-04-12 06:19:31","2026-04-12 06:19:31"
688,24,142,"2026-04-07","","","2026-04-12 06:20:17","2026-04-12 06:20:17"
701,102,165,"2026-04-10","07:35","19:15","2026-04-14 12:46:35","2026-04-14 12:46:35"
702,102,166,"2026-04-10","07:44","19:17","2026-04-14 12:47:03","2026-04-14 12:47:03"
703,6,107,"2026-04-10","","","2026-04-14 12:50:57","2026-04-14 12:50:57"
705,6,108,"2026-04-11","","","2026-04-14 12:52:02","2026-04-14 12:52:02"
707,6,106,"2026-04-11","","","2026-04-14 12:52:43","2026-04-14 12:52:43"
709,6,76,"2026-04-11","","","2026-04-14 12:53:20","2026-04-14 12:53:20"
711,6,107,"2026-04-11","","","2026-04-14 12:53:51","2026-04-14 12:53:51"
713,83,136,"2026-04-10","","","2026-04-14 12:55:00","2026-04-14 12:55:00"
715,83,136,"2026-04-11","","","2026-04-14 12:55:57","2026-04-14 12:55:57"
717,18,130,"2026-04-11","","","2026-04-14 12:57:39","2026-04-14 12:57:39"
719,18,128,"2026-04-11","","","2026-04-14 12:58:11","2026-04-14 12:58:11"
721,18,102,"2026-04-11","","","2026-04-14 12:58:54","2026-04-14 12:58:54"
724,82,141,"2026-04-10","08:29","19:00","2026-04-14 13:15:36","2026-04-14 13:18:23"
728,18,130,"2026-04-15","","","2026-04-16 09:15:23","2026-04-16 09:15:23"
730,36,99,"2026-04-15","","","2026-04-16 09:16:32","2026-04-16 09:16:32"
732,101,17,"2026-04-15","","","2026-04-16 09:24:49","2026-04-16 09:24:49"
734,14,39,"2026-04-11","","","2026-04-16 12:28:37","2026-04-16 12:28:37"
736,14,40,"2026-04-11","","","2026-04-16 12:28:59","2026-04-16 12:28:59"
737,14,41,"2026-04-11","","","2026-04-16 12:29:11","2026-04-16 12:29:11"
738,14,42,"2026-04-11","","","2026-04-16 12:29:30","2026-04-16 12:29:30"
739,14,161,"2026-04-11","","","2026-04-16 12:29:48","2026-04-16 12:29:48"
740,32,16,"2026-04-16","","","2026-04-16 16:16:03","2026-04-16 16:16:03"
741,11,27,"2026-04-16","08:22","17:15","2026-04-16 16:41:23","2026-04-16 16:41:23"
742,11,28,"2026-04-16","07:52","17:15","2026-04-16 16:42:15","2026-04-16 16:42:15"
743,11,29,"2026-04-16","08:27","17:02","2026-04-16 16:42:40","2026-04-16 16:42:40"
744,11,47,"2026-04-16","09:10","18:30","2026-04-16 16:44:21","2026-04-16 16:44:21"
745,33,92,"2026-04-16","","","2026-04-16 16:55:41","2026-04-16 16:55:41"
746,14,39,"2026-04-16","","","2026-04-17 09:05:06","2026-04-17 09:05:06"
747,14,40,"2026-04-16","","","2026-04-17 09:05:22","2026-04-17 09:05:22"
748,14,41,"2026-04-16","","","2026-04-17 09:05:33","2026-04-17 09:05:33"
749,14,42,"2026-04-16","","","2026-04-17 09:06:05","2026-04-17 09:06:05"
750,14,161,"2026-04-16","","","2026-04-17 09:06:16","2026-04-17 09:06:16"
751,14,163,"2026-04-16","","","2026-04-17 09:06:38","2026-04-17 09:06:38"
752,6,76,"2026-04-16","","","2026-04-17 09:08:49","2026-04-17 09:08:49"
754,6,107,"2026-04-16","","","2026-04-17 09:09:23","2026-04-17 09:09:23"
756,6,108,"2026-04-16","","","2026-04-17 09:10:00","2026-04-17 09:10:00"
758,82,140,"2026-04-16","08:02","19:50","2026-04-17 09:11:10","2026-04-17 09:11:10"
759,82,181,"2026-04-16","08:04","17:10","2026-04-17 09:11:53","2026-04-17 09:11:53"
760,82,135,"2026-04-16","08:50","07:45","2026-04-17 09:12:24","2026-04-17 09:12:24"
761,82,141,"2026-04-16","08:50","19:45","2026-04-17 09:14:03","2026-04-17 09:14:03"
762,36,99,"2026-04-16","","","2026-04-17 09:18:59","2026-04-17 09:18:59"
764,18,130,"2026-04-16","","","2026-04-17 09:20:07","2026-04-17 09:20:07"
766,18,128,"2026-04-16","","","2026-04-17 09:20:58","2026-04-17 09:20:58"
768,18,102,"2026-04-16","","","2026-04-17 09:21:28","2026-04-17 09:21:28"
770,101,17,"2026-04-16","","","2026-04-17 09:40:40","2026-04-17 09:40:40"
772,11,27,"2026-04-17","08:27","17:01","2026-04-17 15:59:14","2026-04-17 15:59:14"
773,11,28,"2026-04-17","08:00","17:00","2026-04-17 16:00:19","2026-04-20 17:00:38"
774,11,29,"2026-04-17","08:28","17:01","2026-04-17 16:00:42","2026-04-17 16:00:42"
775,11,47,"2026-04-17","08:42","17:00","2026-04-17 16:01:12","2026-04-17 16:01:12"
776,33,77,"2026-04-17","","","2026-04-17 17:12:39","2026-04-17 17:12:39"
777,33,92,"2026-04-17","","","2026-04-17 17:14:12","2026-04-17 17:14:12"
778,18,130,"2026-04-17","","","2026-04-17 17:51:17","2026-04-17 17:51:17"
780,18,128,"2026-04-17","","","2026-04-17 17:52:27","2026-04-17 17:52:27"
782,18,102,"2026-04-17","","","2026-04-17 17:53:05","2026-04-17 17:53:05"
784,36,99,"2026-04-17","","","2026-04-17 17:54:00","2026-04-17 17:54:00"
786,101,17,"2026-04-17","","","2026-04-17 17:54:45","2026-04-17 17:54:45"
801,14,39,"2026-04-17","","","2026-04-18 10:47:50","2026-04-18 10:47:50"
802,14,40,"2026-04-17","","","2026-04-18 10:48:05","2026-04-18 10:48:05"
803,14,42,"2026-04-17","","","2026-04-18 10:48:23","2026-04-18 10:48:23"
804,14,161,"2026-04-17","","","2026-04-18 10:48:38","2026-04-18 10:48:38"
806,11,29,"2026-04-18","08:25","14:35","2026-04-18 14:30:33","2026-04-18 14:30:33"
807,11,47,"2026-04-18","09:05","16:00","2026-04-18 14:31:56","2026-04-18 14:31:56"
808,33,77,"2026-04-18","","","2026-04-18 15:40:28","2026-04-18 15:40:28"
809,33,92,"2026-04-18","","","2026-04-18 15:40:43","2026-04-18 15:40:43"
821,82,140,"2026-04-17","07:56","17:10","2026-04-20 10:08:33","2026-04-20 10:08:33"
822,82,181,"2026-04-17","08:10","17:15","2026-04-20 10:09:19","2026-04-20 10:09:19"
823,101,17,"2026-04-11","","","2026-04-20 10:25:19","2026-04-20 10:25:19"
832,6,76,"2026-04-17","","","2026-04-20 10:40:11","2026-04-20 10:40:11"
834,6,107,"2026-04-17","","","2026-04-20 10:40:39","2026-04-20 10:40:39"
836,6,76,"2026-04-18","","","2026-04-20 10:42:32","2026-04-20 10:42:32"
838,6,106,"2026-04-18","","","2026-04-20 10:43:01","2026-04-20 10:43:01"
840,6,108,"2026-04-18","","","2026-04-20 10:43:29","2026-04-20 10:43:29"
842,6,107,"2026-04-18","","","2026-04-20 10:44:08","2026-04-20 10:44:08"
845,83,136,"2026-04-16","","","2026-04-20 10:52:17","2026-04-20 10:52:17"
847,83,136,"2026-04-17","","","2026-04-20 10:53:06","2026-04-20 10:53:06"
849,27,86,"2026-04-16","","","2026-04-20 11:09:24","2026-04-20 11:09:24"
850,83,136,"2026-04-18","","","2026-04-20 11:16:41","2026-04-20 11:16:41"
852,27,82,"2026-04-17","","","2026-04-20 11:18:10","2026-04-20 11:18:10"
853,27,86,"2026-04-17","","","2026-04-20 11:18:39","2026-04-20 11:18:39"
854,14,39,"2026-04-18","","","2026-04-20 11:18:58","2026-04-20 11:18:58"
855,14,40,"2026-04-18","","","2026-04-20 11:19:07","2026-04-20 11:19:07"
856,14,42,"2026-04-18","","","2026-04-20 11:19:26","2026-04-20 11:19:26"
857,14,161,"2026-04-18","","","2026-04-20 11:19:37","2026-04-20 11:19:37"
864,18,130,"2026-04-18","","","2026-04-20 11:22:47","2026-04-20 11:22:47"
866,18,128,"2026-04-18","","","2026-04-20 11:23:26","2026-04-20 11:23:26"
868,18,102,"2026-04-18","","","2026-04-20 11:23:55","2026-04-20 11:23:55"
870,11,27,"2026-04-20","08:38","17:10","2026-04-20 15:58:52","2026-04-20 15:58:52"
871,11,28,"2026-04-20","08:25","17:00","2026-04-20 15:59:38","2026-04-20 15:59:38"
872,11,29,"2026-04-20","08:28","17:02","2026-04-20 16:00:13","2026-04-20 16:00:13"
873,11,47,"2026-04-20","10:40","13:10","2026-04-20 16:00:49","2026-04-20 16:00:49"
874,30,78,"2026-04-20","","","2026-04-20 16:55:16","2026-04-20 16:55:16"
879,33,92,"2026-04-20","","","2026-04-20 16:56:28","2026-04-20 16:56:28"
881,30,89,"2026-04-20","08:20","17:05","2026-04-20 16:57:00","2026-04-20 16:57:00"
889,33,77,"2026-04-20","","","2026-04-20 17:01:27","2026-04-20 17:01:27"
890,20,61,"2026-04-20","","","2026-04-20 17:02:08","2026-04-20 17:02:08"
891,32,90,"2026-04-20","","","2026-04-20 17:08:20","2026-04-20 17:08:20"
892,32,16,"2026-04-20","","","2026-04-20 17:08:41","2026-04-20 17:08:41"
893,32,91,"2026-04-20","","","2026-04-20 17:09:09","2026-04-20 17:09:09"
894,101,17,"2026-04-20","","","2026-04-20 17:35:27","2026-04-20 17:35:27"
896,18,130,"2026-04-20","","","2026-04-20 17:36:15","2026-04-20 17:36:15"
898,18,102,"2026-04-20","","","2026-04-20 17:36:58","2026-04-20 17:36:58"
900,35,97,"2026-04-20","","","2026-04-20 17:38:07","2026-04-20 17:38:07"
901,35,98,"2026-04-20","","","2026-04-20 17:38:26","2026-04-20 17:38:26"
902,34,96,"2026-04-20","","","2026-04-20 18:01:40","2026-04-20 18:01:40"
905,20,110,"2026-04-20","","","2026-04-20 18:06:17","2026-04-20 18:06:17"
906,102,165,"2026-04-21","07:40","19:15","2026-04-21 08:31:10","2026-04-22 08:54:53"
907,102,166,"2026-04-21","07:40","19:16","2026-04-21 08:31:51","2026-04-22 08:55:14"
908,102,165,"2026-04-20","07:35","19:13","2026-04-21 08:36:02","2026-04-21 08:36:02"
909,102,166,"2026-04-20","07:35","19:15","2026-04-21 08:36:38","2026-04-21 08:36:38"
910,82,135,"2026-04-20","08:28","19:00","2026-04-21 08:38:29","2026-04-21 08:38:29"
911,82,141,"2026-04-20","08:28","19:00","2026-04-21 08:43:51","2026-04-21 08:43:51"
912,82,181,"2026-04-20","08:10","17:15","2026-04-21 08:44:18","2026-04-21 08:44:18"
913,14,39,"2026-04-20","","","2026-04-21 11:37:02","2026-04-21 11:37:02"
914,14,40,"2026-04-20","","","2026-04-21 11:37:15","2026-04-21 11:37:15"
915,14,41,"2026-04-20","","","2026-04-21 11:37:31","2026-04-21 11:37:31"
916,14,42,"2026-04-20","","","2026-04-21 11:37:45","2026-04-21 11:37:45"
917,14,161,"2026-04-20","","","2026-04-21 11:38:11","2026-04-21 11:38:11"
918,14,163,"2026-04-20","","","2026-04-21 11:38:24","2026-04-21 11:38:24"
919,11,27,"2026-04-21","08:33","17:05","2026-04-21 16:05:45","2026-04-21 16:05:45"
920,11,47,"2026-04-21","08:45","20:05","2026-04-21 16:07:38","2026-04-21 16:07:38"
921,11,29,"2026-04-21","08:26","17:04","2026-04-21 16:09:05","2026-04-21 16:09:05"
922,32,16,"2026-04-21","","","2026-04-21 17:00:45","2026-04-21 17:00:45"
923,32,90,"2026-04-21","","","2026-04-21 17:01:45","2026-04-21 17:01:45"
924,32,91,"2026-04-21","","","2026-04-21 17:01:57","2026-04-21 17:01:57"
925,20,110,"2026-04-21","","","2026-04-21 17:38:24","2026-04-21 17:38:24"
926,20,61,"2026-04-21","","","2026-04-21 17:38:44","2026-04-21 17:38:44"
927,34,96,"2026-04-21","","","2026-04-22 08:51:54","2026-04-22 08:51:54"
932,36,99,"2026-04-21","","","2026-04-22 08:57:19","2026-04-22 08:57:19"
934,18,130,"2026-04-21","","","2026-04-22 08:58:19","2026-04-22 08:58:19"
936,18,128,"2026-04-21","","","2026-04-22 08:59:18","2026-04-22 08:59:18"
938,18,102,"2026-04-21","","","2026-04-22 09:01:00","2026-04-22 09:01:00"
940,101,17,"2026-04-21","","","2026-04-22 09:10:43","2026-04-22 09:10:43"
942,82,181,"2026-04-21","08:20","18:01","2026-04-22 09:12:17","2026-04-22 09:12:17"
943,82,140,"2026-04-21","08:04","18:01","2026-04-22 09:13:17","2026-04-22 09:13:17"
944,35,98,"2026-04-21","","","2026-04-22 09:13:44","2026-04-22 09:13:44"
945,14,39,"2026-04-21","","","2026-04-22 09:28:36","2026-04-22 09:28:36"
946,14,40,"2026-04-21","","","2026-04-22 09:28:45","2026-04-22 09:28:45"
947,14,41,"2026-04-21","","","2026-04-22 09:29:01","2026-04-22 09:29:01"
948,14,42,"2026-04-21","","","2026-04-22 09:29:16","2026-04-22 09:29:16"
949,14,161,"2026-04-21","","","2026-04-22 09:29:32","2026-04-22 09:29:32"
950,14,163,"2026-04-21","","","2026-04-22 09:29:48","2026-04-22 09:29:48"
951,38,95,"2026-04-22","08:30","17:00","2026-04-22 09:52:57","2026-04-22 09:52:57"
952,38,122,"2026-04-22","08:30","17:00","2026-04-22 09:53:27","2026-04-22 09:53:27"
953,38,188,"2026-04-22","08:30","17:00","2026-04-22 09:53:52","2026-04-22 09:53:52"
954,11,27,"2026-04-22","08:34","17:05","2026-04-22 16:14:10","2026-04-22 16:14:10"
955,11,28,"2026-04-22","08:15","17:01","2026-04-22 16:14:30","2026-04-22 16:14:30"
956,11,29,"2026-04-22","08:23","17:05","2026-04-22 16:14:54","2026-04-22 16:14:54"
957,11,47,"2026-04-22","08:49","17:05","2026-04-22 16:15:38","2026-04-22 16:15:38"
958,18,130,"2026-04-22","","","2026-04-22 17:02:52","2026-04-22 17:02:52"
960,18,128,"2026-04-22","","","2026-04-22 17:04:08","2026-04-22 17:04:08"
962,18,102,"2026-04-22","","","2026-04-22 17:04:38","2026-04-22 17:04:38"
964,32,16,"2026-04-22","","","2026-04-22 17:06:21","2026-04-22 17:06:21"
965,32,90,"2026-04-22","","","2026-04-22 17:06:39","2026-04-22 17:06:39"
966,32,91,"2026-04-22","","","2026-04-22 17:06:55","2026-04-22 17:06:55"
967,30,78,"2026-04-22","08:30","17:00","2026-04-22 17:08:04","2026-04-22 17:08:04"
968,30,89,"2026-04-22","08:30","17:00","2026-04-22 17:08:30","2026-04-22 17:08:30"
969,101,17,"2026-04-22","","","2026-04-22 17:09:34","2026-04-22 17:09:34"
971,20,61,"2026-04-22","","","2026-04-22 17:10:16","2026-04-22 17:10:16"
972,20,110,"2026-04-22","","","2026-04-22 17:10:33","2026-04-22 17:10:33"
973,33,77,"2026-04-22","","","2026-04-22 17:23:44","2026-04-22 17:23:44"
974,33,92,"2026-04-22","","","2026-04-22 17:23:59","2026-04-22 17:23:59"
975,36,99,"2026-04-22","","","2026-04-22 17:38:19","2026-04-22 17:38:19"
977,36,100,"2026-04-22","","","2026-04-22 17:41:28","2026-04-22 17:41:28"
979,35,97,"2026-04-22","","","2026-04-22 17:45:52","2026-04-22 17:45:52"
980,35,98,"2026-04-22","","","2026-04-22 17:46:10","2026-04-22 17:46:10"
981,82,181,"2026-04-22","08:01","18:40","2026-04-23 07:56:40","2026-04-23 07:56:40"
982,82,140,"2026-04-22","08:04","17:30","2026-04-23 07:57:12","2026-04-23 07:57:12"
983,10,26,"2026-04-10","","","2026-04-23 08:11:42","2026-04-23 08:11:42"
985,10,26,"2026-04-16","","","2026-04-23 08:12:15","2026-04-23 08:12:15"
986,10,26,"2026-04-17","","","2026-04-23 08:12:51","2026-04-23 08:12:51"
987,10,26,"2026-04-20","","","2026-04-23 08:13:10","2026-04-23 08:13:10"
989,10,26,"2026-04-21","","","2026-04-23 08:17:48","2026-04-23 08:17:48"
991,29,88,"2026-04-10","","","2026-04-23 08:20:09","2026-04-23 08:20:09"
992,29,88,"2026-04-16","","","2026-04-23 08:20:38","2026-04-23 08:20:38"
993,29,88,"2026-04-20","","","2026-04-23 08:20:56","2026-04-23 08:20:56"
994,29,88,"2026-04-22","","","2026-04-23 08:21:12","2026-04-23 08:21:12"
995,26,139,"2026-04-09","","","2026-04-23 08:31:59","2026-04-23 08:31:59"
996,26,139,"2026-04-10","","","2026-04-23 08:32:13","2026-04-23 08:32:13"
997,26,139,"2026-04-16","","","2026-04-23 08:32:27","2026-04-23 08:32:27"
998,8,23,"2026-04-15","","","2026-04-23 08:33:04","2026-04-23 08:33:04"
999,8,23,"2026-04-16","","","2026-04-23 08:33:21","2026-04-23 08:33:21"
1000,8,23,"2026-04-17","","","2026-04-23 08:33:38","2026-04-23 08:33:38"
1001,8,23,"2026-04-20","","","2026-04-23 08:33:54","2026-04-23 08:33:54"
1002,23,72,"2026-04-10","","","2026-04-23 08:39:00","2026-04-23 08:39:00"
1003,23,72,"2026-04-16","","","2026-04-23 08:39:22","2026-04-23 08:39:22"
1004,23,72,"2026-04-17","","","2026-04-23 08:39:38","2026-04-23 08:39:38"
1005,23,72,"2026-04-20","","","2026-04-23 08:39:53","2026-04-23 08:39:53"
1006,23,72,"2026-04-21","","","2026-04-23 08:40:10","2026-04-23 08:40:10"
1007,102,165,"2026-04-22","07:42","17:05","2026-04-23 08:47:41","2026-04-23 08:47:41"
1008,102,166,"2026-04-22","07:42","17:00","2026-04-23 08:48:04","2026-04-23 08:48:04"
1009,102,166,"2026-04-11","07:40","17:02","2026-04-23 08:48:37","2026-04-23 08:48:37"
1010,102,166,"2026-04-18","07:25","17:00","2026-04-23 08:49:11","2026-04-23 08:49:11"
1011,34,96,"2026-04-22","","","2026-04-23 08:52:56","2026-04-23 08:52:56"
1014,6,76,"2026-04-20","","","2026-04-23 08:54:39","2026-04-23 08:54:39"
1016,6,106,"2026-04-20","","","2026-04-23 08:55:05","2026-04-23 08:55:05"
1018,14,39,"2026-04-22","","","2026-04-23 08:55:24","2026-04-23 08:55:24"
1019,14,40,"2026-04-22","","","2026-04-23 08:55:36","2026-04-23 08:55:36"
1020,14,41,"2026-04-22","","","2026-04-23 08:55:47","2026-04-23 08:55:47"
1021,6,108,"2026-04-20","","","2026-04-23 08:55:51","2026-04-23 08:55:51"
1023,14,42,"2026-04-22","","","2026-04-23 08:56:08","2026-04-23 08:56:08"
1024,14,161,"2026-04-22","","","2026-04-23 08:56:26","2026-04-23 08:56:26"
1025,6,107,"2026-04-20","","","2026-04-23 08:56:34","2026-04-23 08:56:34"
1027,6,76,"2026-04-21","","","2026-04-23 08:57:11","2026-04-23 08:57:11"
1029,6,106,"2026-04-21","","","2026-04-23 08:57:33","2026-04-23 08:57:33"
1031,6,107,"2026-04-21","","","2026-04-23 08:57:57","2026-04-23 08:57:57"
1033,6,108,"2026-04-21","","","2026-04-23 08:58:23","2026-04-23 08:58:23"
1035,6,109,"2026-04-21","","","2026-04-23 08:58:52","2026-04-23 08:58:52"
1037,6,76,"2026-04-22","","","2026-04-23 08:59:27","2026-04-23 08:59:27"
1039,6,106,"2026-04-22","","","2026-04-23 08:59:50","2026-04-23 08:59:50"
1041,6,107,"2026-04-22","","","2026-04-23 09:00:13","2026-04-23 09:00:13"
1043,6,108,"2026-04-22","","","2026-04-23 09:00:39","2026-04-23 09:00:39"
1045,6,109,"2026-04-22","","","2026-04-23 09:01:02","2026-04-23 09:01:02"
1047,83,136,"2026-04-20","","","2026-04-23 09:02:18","2026-04-23 09:02:18"
1049,15,43,"2026-04-10","","","2026-04-23 09:03:57","2026-04-23 09:03:57"
1051,15,43,"2026-04-16","","","2026-04-23 09:04:35","2026-04-23 09:04:35"
1053,15,43,"2026-04-17","","","2026-04-23 09:05:25","2026-04-23 09:05:25"
1055,15,43,"2026-04-20","","","2026-04-23 09:05:58","2026-04-23 09:05:58"
1058,15,43,"2026-04-21","","","2026-04-23 09:06:40","2026-04-23 09:06:40"
1059,27,83,"2026-04-20","","","2026-04-23 09:11:37","2026-04-23 09:11:37"
1060,27,86,"2026-04-20","","","2026-04-23 09:11:59","2026-04-23 09:11:59"
1061,27,84,"2026-04-20","","","2026-04-23 09:12:45","2026-04-23 09:12:45"
1062,27,83,"2026-04-22","","","2026-04-23 09:35:19","2026-04-23 09:35:19"
1063,27,86,"2026-04-22","","","2026-04-23 09:35:42","2026-04-23 09:35:42"
1064,27,84,"2026-04-22","","","2026-04-23 09:36:02","2026-04-23 09:36:02"
1065,27,85,"2026-04-22","","","2026-04-23 09:36:25","2026-04-23 09:36:25"
1066,27,83,"2026-04-21","","","2026-04-23 09:37:26","2026-04-23 09:37:26"
1067,27,85,"2026-04-21","","","2026-04-23 09:37:51","2026-04-23 09:37:51"
1068,27,84,"2026-04-21","","","2026-04-23 10:21:33","2026-04-23 10:21:33"
1074,25,127,"2026-04-09","","","2026-04-23 10:33:43","2026-04-23 10:33:43"
1075,25,127,"2026-04-10","","","2026-04-23 10:33:59","2026-04-23 10:33:59"
1076,25,127,"2026-04-16","","","2026-04-23 10:34:25","2026-04-23 10:34:25"
1077,25,127,"2026-04-17","","","2026-04-23 10:34:42","2026-04-23 10:34:42"
1078,25,127,"2026-04-20","","","2026-04-23 10:34:56","2026-04-23 10:34:56"
1079,25,127,"2026-04-21","","","2026-04-23 10:35:13","2026-04-23 10:35:13"
1080,15,43,"2026-04-22","","","2026-04-23 14:11:52","2026-04-23 14:11:52"
1082,11,28,"2026-04-23","08:13","17:02","2026-04-23 16:16:10","2026-04-23 16:16:10"
1083,11,27,"2026-04-23","08:29","17:03","2026-04-23 16:16:40","2026-04-23 16:16:40"
1084,11,29,"2026-04-23","08:26","17:05","2026-04-23 16:17:34","2026-04-23 16:17:34"
1085,11,47,"2026-04-23","08:47","17:06","2026-04-23 16:18:23","2026-04-23 16:18:23"
1086,30,89,"2026-04-23","","","2026-04-23 16:49:46","2026-04-23 16:49:46"
1087,30,78,"2026-04-23","20:30","17:00","2026-04-23 16:50:15","2026-04-23 16:50:15"
1088,33,92,"2026-04-23","","","2026-04-23 16:57:19","2026-04-23 16:57:19"
1089,32,16,"2026-04-23","","","2026-04-23 16:59:47","2026-04-23 16:59:47"
1090,32,90,"2026-04-23","","","2026-04-23 17:00:04","2026-04-23 17:00:04"
1091,32,91,"2026-04-23","","","2026-04-23 17:00:16","2026-04-23 17:00:16"
1092,32,148,"2026-04-23","","","2026-04-23 17:04:36","2026-04-23 17:04:36"
1093,20,61,"2026-04-23","","","2026-04-23 17:10:26","2026-04-23 17:10:26"
1094,20,110,"2026-04-23","","","2026-04-23 17:21:24","2026-04-23 17:21:24"
1095,3,8,"2026-04-02","","","2026-04-23 17:39:45","2026-04-23 17:39:45"
1096,3,9,"2026-04-02","","","2026-04-23 17:40:03","2026-04-23 17:40:03"
1097,3,7,"2026-04-02","","","2026-04-23 17:40:26","2026-04-23 17:40:26"
1098,3,6,"2026-04-03","","","2026-04-23 17:41:14","2026-04-23 17:41:14"
1099,3,8,"2026-04-03","","","2026-04-23 17:41:36","2026-04-23 17:41:36"
1100,3,9,"2026-04-03","","","2026-04-23 17:41:48","2026-04-23 17:41:48"
1101,3,6,"2026-04-04","","","2026-04-23 17:42:50","2026-04-23 17:42:50"
1102,3,7,"2026-04-04","","","2026-04-23 17:43:02","2026-04-23 17:43:02"
1103,3,8,"2026-04-04","","","2026-04-23 17:43:20","2026-04-23 17:43:20"
1104,3,9,"2026-04-04","","","2026-04-23 17:43:34","2026-04-23 17:43:34"
1105,3,6,"2026-04-06","","","2026-04-23 17:44:52","2026-04-23 17:44:52"
1106,3,7,"2026-04-06","","","2026-04-23 17:45:02","2026-04-23 17:45:02"
1107,3,8,"2026-04-06","","","2026-04-23 17:45:17","2026-04-23 17:45:17"
1108,3,9,"2026-04-06","","","2026-04-23 17:45:29","2026-04-23 17:45:29"
1109,3,6,"2026-04-07","","","2026-04-23 17:46:18","2026-04-23 17:46:18"
1110,3,7,"2026-04-07","","","2026-04-23 17:46:31","2026-04-23 17:46:31"
1111,3,8,"2026-04-07","","","2026-04-23 17:46:44","2026-04-23 17:46:44"
1112,3,9,"2026-04-07","","","2026-04-23 17:47:19","2026-04-23 17:47:19"
1113,3,6,"2026-04-08","","","2026-04-23 17:49:01","2026-04-23 17:49:01"
1114,3,7,"2026-04-08","","","2026-04-23 17:49:10","2026-04-23 17:49:10"
1115,3,8,"2026-04-08","","","2026-04-23 17:49:21","2026-04-23 17:49:21"
1116,3,9,"2026-04-08","","","2026-04-23 17:49:31","2026-04-23 17:49:31"
1117,3,6,"2026-04-09","","","2026-04-23 17:50:11","2026-04-23 17:50:11"
1118,3,7,"2026-04-09","","","2026-04-23 17:50:30","2026-04-23 17:50:30"
1119,3,9,"2026-04-09","","","2026-04-23 17:50:41","2026-04-23 17:50:41"
1120,3,6,"2026-04-10","","","2026-04-23 17:51:06","2026-04-23 17:51:06"
1121,3,7,"2026-04-10","","","2026-04-23 17:51:16","2026-04-23 17:51:16"
1122,3,8,"2026-04-10","","","2026-04-23 17:51:29","2026-04-23 17:51:29"
1123,3,9,"2026-04-10","","","2026-04-23 17:51:40","2026-04-23 17:51:40"
1124,3,7,"2026-04-11","","","2026-04-23 17:52:08","2026-04-23 17:52:08"
1125,3,8,"2026-04-11","","","2026-04-23 17:52:17","2026-04-23 17:52:17"
1126,3,9,"2026-04-11","","","2026-04-23 17:52:28","2026-04-23 17:52:28"
1127,3,6,"2026-04-16","","","2026-04-23 17:53:07","2026-04-23 17:53:07"
1128,3,7,"2026-04-16","","","2026-04-23 17:53:22","2026-04-23 17:53:22"
1129,3,8,"2026-04-16","","","2026-04-23 17:53:55","2026-04-23 17:53:55"
1130,3,9,"2026-04-16","","","2026-04-23 17:54:07","2026-04-23 17:54:07"
1131,3,6,"2026-04-17","","","2026-04-23 17:54:45","2026-04-23 17:54:45"
1132,3,7,"2026-04-17","","","2026-04-23 17:54:54","2026-04-23 17:54:54"
1133,3,8,"2026-04-17","","","2026-04-23 17:55:06","2026-04-23 17:55:06"
1134,3,9,"2026-04-17","","","2026-04-23 17:55:15","2026-04-23 17:55:15"
1135,3,6,"2026-04-20","","","2026-04-23 17:56:05","2026-04-23 17:56:05"
1136,3,7,"2026-04-20","","","2026-04-23 17:56:14","2026-04-23 17:56:14"
1137,3,8,"2026-04-20","","","2026-04-23 17:56:25","2026-04-23 17:56:25"
1138,3,9,"2026-04-20","","","2026-04-23 17:56:35","2026-04-23 17:56:35"
1139,3,6,"2026-04-21","","","2026-04-23 17:57:04","2026-04-23 17:57:04"
1140,3,7,"2026-04-21","","","2026-04-23 17:57:12","2026-04-23 17:57:12"
1141,3,8,"2026-04-21","","","2026-04-23 17:57:25","2026-04-23 17:57:25"
1142,3,9,"2026-04-21","","","2026-04-23 17:57:36","2026-04-23 17:57:36"
1143,3,6,"2026-04-22","","","2026-04-23 17:58:04","2026-04-23 17:58:04"
1144,3,7,"2026-04-22","","","2026-04-23 17:58:13","2026-04-23 17:58:13"
1145,3,8,"2026-04-22","","","2026-04-23 17:58:26","2026-04-23 17:58:26"
1146,3,9,"2026-04-22","","","2026-04-23 17:58:36","2026-04-23 17:58:36"
1147,18,102,"2026-04-23","","","2026-04-23 18:39:17","2026-04-23 18:39:17"
1149,18,128,"2026-04-23","","","2026-04-23 18:40:16","2026-04-23 18:40:16"
1151,18,130,"2026-04-23","","","2026-04-23 18:41:02","2026-04-23 18:41:02"
1153,36,99,"2026-04-23","","","2026-04-23 18:41:50","2026-04-23 18:41:50"
1155,36,100,"2026-04-23","","","2026-04-23 18:42:15","2026-04-23 18:42:15"
1157,34,96,"2026-04-23","","","2026-04-23 18:43:10","2026-04-23 18:43:10"
1160,101,17,"2026-04-23","","","2026-04-23 18:44:09","2026-04-23 18:44:09"
1162,35,97,"2026-04-23","","","2026-04-23 20:20:50","2026-04-23 20:20:50"
1163,35,98,"2026-04-23","","","2026-04-23 20:21:04","2026-04-23 20:21:04"
1164,102,165,"2026-04-23","07:35","19:15","2026-04-23 20:22:01","2026-04-23 20:22:01"
1165,102,166,"2026-04-23","07:35","19:15","2026-04-23 20:22:23","2026-04-23 20:22:23"
1166,14,39,"2026-04-23","","","2026-04-24 09:44:53","2026-04-24 09:44:53"
1167,14,40,"2026-04-23","","","2026-04-24 09:45:04","2026-04-24 09:45:04"
1168,14,41,"2026-04-23","","","2026-04-24 09:45:22","2026-04-24 09:45:22"
1169,14,42,"2026-04-23","","","2026-04-24 09:45:47","2026-04-24 09:45:47"
1170,14,161,"2026-04-23","","","2026-04-24 09:45:58","2026-04-24 09:45:58"
1171,14,163,"2026-04-23","","","2026-04-24 09:46:09","2026-04-24 09:46:09"
1172,82,135,"2026-04-23","08:35","19:00","2026-04-24 10:04:13","2026-04-24 10:04:13"
1173,82,141,"2026-04-23","08:35","19:00","2026-04-24 10:04:53","2026-04-24 10:04:53"
1174,82,140,"2026-04-23","08:25","17:30","2026-04-24 10:05:25","2026-04-24 10:05:25"
1175,82,181,"2026-04-23","08:25","05:25","2026-04-24 10:06:16","2026-04-24 10:06:16"
1176,6,76,"2026-04-23","","","2026-04-24 11:05:31","2026-04-24 11:05:31"
1178,6,106,"2026-04-23","","","2026-04-24 11:05:56","2026-04-24 11:05:56"
1180,6,107,"2026-04-23","","","2026-04-24 11:07:14","2026-04-24 11:07:14"
1182,6,108,"2026-04-23","","","2026-04-24 11:07:36","2026-04-24 11:07:36"
1184,6,109,"2026-04-23","","","2026-04-24 11:07:59","2026-04-24 11:07:59"
1186,103,167,"2026-04-01","","","2026-04-24 14:01:26","2026-04-24 14:01:26"
1187,103,167,"2026-04-02","","","2026-04-24 14:01:45","2026-04-24 14:01:45"
1188,103,167,"2026-04-03","","","2026-04-24 14:02:02","2026-04-24 14:02:02"
1189,103,167,"2026-04-04","","","2026-04-24 14:02:19","2026-04-24 14:02:19"
1190,103,167,"2026-04-05","","","2026-04-24 14:02:32","2026-04-24 14:02:32"
1191,103,167,"2026-04-07","","","2026-04-24 14:02:53","2026-04-24 14:02:53"
1192,103,167,"2026-04-08","","","2026-04-24 14:03:20","2026-04-24 14:03:20"
1193,103,167,"2026-04-09","","","2026-04-24 14:03:39","2026-04-24 14:03:39"
1194,103,167,"2026-04-10","","","2026-04-24 14:03:54","2026-04-24 14:03:54"
1195,103,167,"2026-04-11","","","2026-04-24 14:04:16","2026-04-24 14:04:16"
1196,103,167,"2026-04-12","","","2026-04-24 14:04:34","2026-04-24 14:04:34"
1197,103,167,"2026-04-15","","","2026-04-24 14:04:55","2026-04-24 14:04:55"
1198,103,167,"2026-04-16","","","2026-04-24 14:05:12","2026-04-24 14:05:12"
1199,103,167,"2026-04-17","","","2026-04-24 14:05:29","2026-04-24 14:05:29"
1200,103,167,"2026-04-18","","","2026-04-24 14:05:48","2026-04-24 14:05:48"
1201,103,167,"2026-04-19","","","2026-04-24 14:06:03","2026-04-24 14:06:03"
1202,103,167,"2026-04-20","","","2026-04-24 14:06:20","2026-04-24 14:06:20"
1203,103,167,"2026-04-21","","","2026-04-24 14:06:38","2026-04-24 14:06:38"
1204,103,167,"2026-04-22","","","2026-04-24 14:07:05","2026-04-24 14:07:05"
1205,11,27,"2026-04-24","08:30","17:03","2026-04-24 16:31:56","2026-04-24 16:31:56"
1206,11,28,"2026-04-24","08:15","17:00","2026-04-24 16:33:47","2026-04-24 16:36:34"
1212,11,29,"2026-04-24","08:29","17:02","2026-04-24 16:37:12","2026-04-24 16:37:12"
1213,11,47,"2026-04-24","08:40","17:05","2026-04-24 16:38:02","2026-04-24 16:38:02"
1214,30,89,"2026-04-24","08:30","17:00","2026-04-24 16:43:32","2026-04-24 16:43:32"
1215,30,78,"2026-04-24","08:30","17:00","2026-04-24 16:44:19","2026-04-24 16:44:19"
1216,32,16,"2026-04-24","","","2026-04-24 16:54:32","2026-04-24 16:54:32"
1217,32,90,"2026-04-24","","","2026-04-24 16:54:45","2026-04-24 16:54:45"
1218,32,91,"2026-04-24","","","2026-04-24 16:54:58","2026-04-24 16:54:58"
1219,20,61,"2026-04-24","","","2026-04-24 17:05:33","2026-04-24 17:05:33"
1220,20,110,"2026-04-24","","","2026-04-24 17:05:49","2026-04-24 17:05:49"
1221,35,97,"2026-04-24","","","2026-04-24 17:12:08","2026-04-24 17:12:08"
1222,35,98,"2026-04-24","","","2026-04-24 17:12:20","2026-04-24 17:12:20"
1223,101,17,"2026-04-24","","","2026-04-24 17:12:46","2026-04-24 17:12:46"
1241,36,99,"2026-04-24","","","2026-04-25 09:30:35","2026-04-25 09:30:35"
1243,82,135,"2026-04-24","08:30","21:40","2026-04-25 10:01:07","2026-04-25 10:01:07"
1244,82,181,"2026-04-24","08:35","17:20","2026-04-25 10:02:10","2026-04-25 10:02:10"
1245,82,141,"2026-04-24","08:30","18:30","2026-04-25 10:02:52","2026-04-25 10:02:52"
1246,102,165,"2026-04-24","07:45","19:13","2026-04-25 10:12:12","2026-04-25 10:12:12"
1247,102,166,"2026-04-24","07:45","19:15","2026-04-25 10:12:31","2026-04-25 10:12:31"
1248,18,102,"2026-04-24","","","2026-04-25 10:13:18","2026-04-25 10:13:18"
1250,18,128,"2026-04-24","","","2026-04-25 10:14:08","2026-04-25 10:14:08"
1252,18,130,"2026-04-24","","","2026-04-25 10:15:15","2026-04-25 10:15:15"
1254,14,40,"2026-04-24","","","2026-04-25 10:22:55","2026-04-25 10:22:55"
1255,14,41,"2026-04-24","","","2026-04-25 10:23:09","2026-04-25 10:23:09"
1256,14,42,"2026-04-24","","","2026-04-25 10:23:26","2026-04-25 10:23:26"
1257,14,161,"2026-04-24","","","2026-04-25 10:23:42","2026-04-25 10:23:42"
1258,14,163,"2026-04-24","","","2026-04-25 10:24:04","2026-04-25 10:24:04"
1259,33,92,"2026-04-24","","","2026-04-25 10:32:14","2026-04-25 10:32:14"
1261,33,92,"2026-04-25","","","2026-04-25 13:22:25","2026-04-25 13:22:25"
1262,18,128,"2026-04-25","","","2026-04-25 21:03:17","2026-04-25 21:03:17"
1264,18,102,"2026-04-25","","","2026-04-25 21:03:53","2026-04-25 21:03:53"
1266,18,130,"2026-04-25","","","2026-04-25 21:04:31","2026-04-25 21:04:31"
1281,18,201,"2026-04-26","","","2026-04-26 14:02:11","2026-04-26 14:02:11"
1283,14,39,"2026-04-25","","","2026-04-27 08:52:14","2026-04-27 08:52:14"
1284,14,40,"2026-04-25","","","2026-04-27 08:52:28","2026-04-27 08:52:28"
1285,14,41,"2026-04-25","","","2026-04-27 08:52:45","2026-04-27 08:52:45"
1286,14,42,"2026-04-25","","","2026-04-27 08:53:00","2026-04-27 08:53:00"
1288,6,76,"2026-04-24","","","2026-04-27 09:43:04","2026-04-27 09:43:04"
1290,6,106,"2026-04-24","","","2026-04-27 09:43:47","2026-04-27 09:43:47"
1292,6,108,"2026-04-24","","","2026-04-27 09:44:42","2026-04-27 09:44:42"
1294,6,109,"2026-04-24","","","2026-04-27 09:45:24","2026-04-27 09:45:24"
1297,6,107,"2026-04-24","","","2026-04-27 09:46:54","2026-04-27 09:46:54"
1299,6,106,"2026-04-25","","","2026-04-27 09:50:20","2026-04-27 09:50:20"
1301,6,108,"2026-04-25","","","2026-04-27 09:53:38","2026-04-27 09:53:38"
1303,6,109,"2026-04-25","","","2026-04-27 09:54:13","2026-04-27 09:54:13"
1305,83,136,"2026-04-23","","","2026-04-27 10:06:20","2026-04-27 10:06:20"
1307,34,96,"2026-04-24","","","2026-04-27 10:28:28","2026-04-27 10:28:28"
1310,83,221,"2026-04-23","","","2026-04-27 10:44:32","2026-04-27 10:44:32"
1311,83,136,"2026-04-24","","","2026-04-27 10:44:49","2026-04-27 10:44:49"
1313,83,221,"2026-04-24","","","2026-04-27 10:45:31","2026-04-27 10:45:31"
1315,83,221,"2026-04-25","","","2026-04-27 10:45:59","2026-04-27 10:45:59"
1317,35,97,"2026-04-27","","","2026-04-27 16:53:08","2026-04-27 16:53:08"
1318,35,98,"2026-04-27","","","2026-04-27 16:53:23","2026-04-27 16:53:23"
1319,30,78,"2026-04-27","08:30","17:00","2026-04-27 16:55:23","2026-04-27 16:55:23"
1320,30,89,"2026-04-27","","","2026-04-27 16:55:49","2026-04-27 16:55:49"
1321,11,28,"2026-04-27","08:15","17:01","2026-04-27 16:57:43","2026-04-27 16:57:43"
1322,11,29,"2026-04-27","08:27","17:03","2026-04-27 16:58:10","2026-04-27 16:58:10"
1323,11,47,"2026-04-27","08:38","11:45","2026-04-27 16:58:49","2026-04-27 16:58:49"
1324,32,16,"2026-04-27","","","2026-04-27 16:58:57","2026-04-27 16:58:57"
1325,32,90,"2026-04-27","","","2026-04-27 16:59:16","2026-04-27 16:59:16"
1326,32,91,"2026-04-27","","","2026-04-27 16:59:55","2026-04-27 16:59:55"
1327,20,61,"2026-04-27","","","2026-04-27 17:00:30","2026-04-27 17:00:30"
1328,101,17,"2026-04-27","","","2026-04-27 17:04:54","2026-04-27 17:04:54"
1330,18,130,"2026-04-27","","","2026-04-27 17:12:25","2026-04-27 17:12:25"
1332,18,128,"2026-04-27","","","2026-04-27 17:13:48","2026-04-27 17:13:48"
1334,18,102,"2026-04-27","","","2026-04-27 17:14:20","2026-04-27 17:14:20"
1336,20,110,"2026-04-27","","","2026-04-27 17:20:50","2026-04-27 17:20:50"
1337,33,92,"2026-04-27","","","2026-04-27 17:55:46","2026-04-27 17:55:46"
1338,36,99,"2026-04-27","","","2026-04-28 10:40:09","2026-04-28 10:40:09"
1340,34,96,"2026-04-27","","","2026-04-28 10:41:01","2026-04-28 10:41:01"
1343,102,166,"2026-04-27","07:43","19:15","2026-04-28 10:42:19","2026-04-28 10:44:06"
1344,102,166,"2026-04-25","07:40","17:05","2026-04-28 10:43:08","2026-04-28 10:43:08"
1345,102,165,"2026-04-27","07:35","19:14","2026-04-28 10:43:50","2026-04-28 10:43:50"
1347,82,181,"2026-04-27","08:13","18:00","2026-04-28 10:45:05","2026-04-28 10:45:05"
1348,82,140,"2026-04-27","08:15","19:01","2026-04-28 10:45:41","2026-04-28 10:45:41"
1349,82,135,"2026-04-27","08:20","19:04","2026-04-28 10:46:13","2026-04-28 10:46:13"
1350,82,141,"2026-04-27","08:20","19:04","2026-04-28 10:46:38","2026-04-28 10:46:38"
1351,14,39,"2026-04-27","","","2026-04-28 15:07:48","2026-04-28 15:07:48"
1352,14,41,"2026-04-27","","","2026-04-28 15:08:53","2026-04-28 15:08:53"
1353,14,40,"2026-04-27","","","2026-04-28 15:09:03","2026-04-28 15:09:03"
1354,14,163,"2026-04-27","","","2026-04-28 15:09:22","2026-04-28 15:09:22"
1355,14,42,"2026-04-27","","","2026-04-28 15:09:50","2026-04-28 15:09:50"
1356,14,161,"2026-04-27","","","2026-04-28 15:10:04","2026-04-28 15:10:04"
1357,23,72,"2026-04-22","","","2026-04-28 15:17:41","2026-04-28 15:17:41"
1358,23,72,"2026-04-24","","","2026-04-28 15:19:41","2026-04-28 15:19:41"
1359,13,34,"2026-04-07","07:25","05:10","2026-04-28 16:22:48","2026-04-28 16:23:27"
1360,11,27,"2026-04-28","08:36","17:02","2026-04-28 16:22:57","2026-04-28 16:22:57"
1362,11,28,"2026-04-28","08:05","17:01","2026-04-28 16:23:21","2026-04-28 16:23:21"
1364,11,29,"2026-04-28","08:24","17:02","2026-04-28 16:23:48","2026-04-28 16:23:48"
1365,13,35,"2026-04-07","08:40","06:00","2026-04-28 16:24:35","2026-04-28 16:24:55"
1366,11,47,"2026-04-28","08:40","17:30","2026-04-28 16:24:44","2026-04-28 16:24:44"
1368,13,34,"2026-04-08","07:10","05:15","2026-04-28 16:26:12","2026-04-28 16:26:49"
1371,13,35,"2026-04-08","08:45","05:15","2026-04-28 16:27:27","2026-04-28 16:38:47"
1373,13,34,"2026-04-09","07:15","05:30","2026-04-28 16:39:45","2026-04-28 16:40:10"
1376,23,72,"2026-04-27","","","2026-04-28 16:40:31","2026-04-28 16:40:31"
1377,13,35,"2026-04-09","08:35","05:00","2026-04-28 16:40:58","2026-04-28 16:41:13"
1379,13,34,"2026-04-10","07:20","05:15","2026-04-28 16:42:12","2026-04-28 16:43:07"
1382,13,35,"2026-04-10","08:30","06:00","2026-04-28 16:43:47","2026-04-28 16:44:06"
1384,13,34,"2026-04-11","08:00","14:05","2026-04-28 16:45:59","2026-04-28 16:46:17"
1386,13,35,"2026-04-11","08:20","12:30","2026-04-28 16:47:25","2026-04-28 16:47:25"
1387,13,34,"2026-04-16","07:00","05:15","2026-04-28 16:48:10","2026-04-28 16:48:48"
1390,13,35,"2026-04-16","08:35","05:15","2026-04-28 16:49:43","2026-04-28 16:50:27"
1392,33,92,"2026-04-28","","","2026-04-28 16:50:52","2026-04-28 16:50:52"
1393,13,34,"2026-04-17","07:15","05:00","2026-04-28 16:51:14","2026-04-28 16:51:46"
1395,13,35,"2026-04-17","07:15","05:00","2026-04-28 16:52:39","2026-04-28 16:52:39"
1396,32,16,"2026-04-28","","","2026-04-28 16:55:43","2026-04-28 16:55:43"
1397,32,90,"2026-04-28","","","2026-04-28 16:55:55","2026-04-28 16:55:55"
1398,30,89,"2026-04-28","","","2026-04-28 16:56:44","2026-04-28 16:56:44"
1399,101,17,"2026-04-28","","","2026-04-28 17:01:58","2026-04-28 17:01:58"
1401,35,97,"2026-04-28","","","2026-04-28 17:02:54","2026-04-28 17:02:54"
1402,35,98,"2026-04-28","","","2026-04-28 17:03:14","2026-04-28 17:03:14"
1403,18,128,"2026-04-28","","","2026-04-28 17:08:38","2026-04-28 17:08:38"
1405,18,130,"2026-04-28","","","2026-04-28 17:09:21","2026-04-28 17:09:21"
1409,18,102,"2026-04-28","","","2026-04-28 17:11:50","2026-04-28 17:11:50"
1411,34,96,"2026-04-28","","","2026-04-28 17:13:06","2026-04-28 17:13:06"
1414,20,110,"2026-04-28","","","2026-04-28 17:23:33","2026-04-28 17:23:33"
1415,102,165,"2026-04-28","07:55","19:15","2026-04-29 08:47:28","2026-04-29 08:47:28"
1416,102,166,"2026-04-28","07:35","19:16","2026-04-29 08:47:47","2026-04-29 08:47:47"
1417,36,99,"2026-04-28","","","2026-04-29 08:48:48","2026-04-29 08:48:48"
1419,6,106,"2026-04-27","","","2026-04-29 09:00:34","2026-04-29 09:00:34"
1421,6,108,"2026-04-27","","","2026-04-29 09:01:01","2026-04-29 09:01:01"
1423,6,109,"2026-04-27","","","2026-04-29 09:01:31","2026-04-29 09:01:31"
1425,6,107,"2026-04-27","","","2026-04-29 09:02:01","2026-04-29 09:02:01"
1427,6,76,"2026-04-28","","","2026-04-29 09:02:33","2026-04-29 09:02:33"
1429,6,108,"2026-04-28","","","2026-04-29 09:03:07","2026-04-29 09:03:07"
1431,6,109,"2026-04-28","","","2026-04-29 09:03:45","2026-04-29 09:03:45"
1433,83,221,"2026-04-27","","","2026-04-29 09:06:20","2026-04-29 09:06:20"
1435,83,221,"2026-04-28","","","2026-04-29 09:06:50","2026-04-29 09:06:50"
1437,15,43,"2026-04-27","","","2026-04-29 09:07:55","2026-04-29 09:07:55"
1439,25,127,"2026-04-22","","","2026-04-29 09:09:48","2026-04-29 09:09:48"
1440,25,127,"2026-04-23","","","2026-04-29 09:10:06","2026-04-29 09:10:06"
1441,25,127,"2026-04-24","","","2026-04-29 09:10:22","2026-04-29 09:10:22"
1442,7,18,"2026-04-10","06:15","17:30","2026-04-29 09:13:37","2026-04-29 09:13:37"
1443,7,19,"2026-04-10","08:00","18:10","2026-04-29 09:14:24","2026-04-29 09:14:24"
1444,7,20,"2026-04-10","07:30","17:30","2026-04-29 09:15:37","2026-04-29 09:15:37"
1445,7,21,"2026-04-10","07:30","17:30","2026-04-29 09:16:31","2026-04-29 09:16:31"
1446,23,72,"2026-04-29","","","2026-04-29 09:16:59","2026-04-29 09:16:59"
1447,23,72,"2026-04-28","","","2026-04-29 09:17:19","2026-04-29 09:17:19"
1448,7,125,"2026-04-10","08:00","18:00","2026-04-29 09:18:06","2026-04-29 09:18:06"
1449,7,18,"2026-04-11","08:00","17:00","2026-04-29 09:19:28","2026-04-29 09:19:28"
1450,7,19,"2026-04-11","08:00","13:30","2026-04-29 09:20:20","2026-04-29 09:20:48"
1452,7,20,"2026-04-11","08:00","13:30","2026-04-29 09:21:29","2026-04-29 09:21:29"
1453,7,21,"2026-04-11","08:00","13:30","2026-04-29 09:22:15","2026-04-29 09:22:15"
1454,7,18,"2026-04-17","06:15","17:30","2026-04-29 09:25:04","2026-04-29 09:25:04"
1455,7,20,"2026-04-17","07:30","17:30","2026-04-29 09:25:42","2026-04-29 09:25:42"
1456,82,140,"2026-04-28","08:05","22:00","2026-04-29 09:25:58","2026-04-29 09:25:58"
1457,7,21,"2026-04-17","07:30","17:30","2026-04-29 09:26:15","2026-04-29 09:26:15"
1458,82,181,"2026-04-28","08:20","19:45","2026-04-29 09:26:31","2026-04-29 09:26:31"
1459,82,135,"2026-04-28","08:32","21:40","2026-04-29 09:26:53","2026-04-29 09:26:53"
1460,7,125,"2026-04-17","08:00","18:00","2026-04-29 09:27:10","2026-04-29 09:27:10"
1461,7,18,"2026-04-16","06:15","17:30","2026-04-29 09:28:13","2026-04-29 09:28:13"
1462,7,20,"2026-04-16","07:30","17:30","2026-04-29 09:28:51","2026-04-29 09:28:51"
1463,7,21,"2026-04-16","07:30","17:30","2026-04-29 09:29:39","2026-04-29 09:29:39"
1464,7,125,"2026-04-16","08:00","18:00","2026-04-29 09:30:26","2026-04-29 09:30:26"
1465,27,84,"2026-04-23","","","2026-04-29 09:41:12","2026-04-29 09:41:12"
1466,27,85,"2026-04-24","","","2026-04-29 09:42:41","2026-04-29 09:42:41"
1467,27,84,"2026-04-24","","","2026-04-29 09:43:08","2026-04-29 09:43:08"
1468,27,84,"2026-04-25","","","2026-04-29 09:45:19","2026-04-29 09:45:19"
1469,27,84,"2026-04-27","","","2026-04-29 09:46:10","2026-04-29 09:46:10"
1470,27,83,"2026-04-28","","","2026-04-29 09:46:46","2026-04-29 09:46:46"
1471,27,85,"2026-04-28","","","2026-04-29 09:47:12","2026-04-29 09:47:12"
1472,25,127,"2026-04-27","","","2026-04-29 09:47:46","2026-04-29 09:47:46"
1473,25,127,"2026-04-28","","","2026-04-29 09:48:02","2026-04-29 09:48:02"
1475,14,40,"2026-04-28","","","2026-04-29 09:52:16","2026-04-29 09:52:16"
1476,14,41,"2026-04-28","","","2026-04-29 09:52:27","2026-04-29 09:52:27"
1477,14,42,"2026-04-28","","","2026-04-29 09:53:05","2026-04-29 09:53:05"
1478,14,161,"2026-04-28","","","2026-04-29 09:53:15","2026-04-29 09:53:15"
1479,14,163,"2026-04-28","","","2026-04-29 09:53:28","2026-04-29 09:53:28"
1480,13,34,"2026-04-18","07:30","01:45","2026-04-29 10:22:50","2026-04-29 10:23:26"
1482,13,35,"2026-04-18","08:30","12:30","2026-04-29 10:25:04","2026-04-29 10:25:04"
1483,13,34,"2026-04-20","07:30","05:00","2026-04-29 10:29:00","2026-04-29 10:29:00"
1484,13,35,"2026-04-20","08:35","05:00","2026-04-29 10:29:47","2026-04-29 10:29:47"
1485,13,34,"2026-04-21","07:15","05:00","2026-04-29 10:49:24","2026-04-29 10:49:24"
1486,13,35,"2026-04-21","08:45","05:00","2026-04-29 10:50:01","2026-04-29 10:50:01"
1487,13,34,"2026-04-22","07:10","05:30","2026-04-29 11:23:38","2026-04-29 11:23:58"
1489,13,35,"2026-04-22","08:35","06:00","2026-04-29 11:24:43","2026-04-29 11:24:43"
1490,13,34,"2026-04-23","07:20","05:15","2026-04-29 11:27:12","2026-04-29 11:27:50"
1493,13,35,"2026-04-23","08:45","06:00","2026-04-29 11:28:24","2026-04-29 11:28:24"
1494,13,34,"2026-04-24","07:08","05:00","2026-04-29 11:29:39","2026-04-29 11:29:55"
1496,13,35,"2026-04-24","08:50","06:00","2026-04-29 11:30:29","2026-04-29 11:30:40"
1498,13,34,"2026-04-25","08:00","01:45","2026-04-29 11:33:06","2026-04-29 11:33:16"
1500,13,35,"2026-04-25","08:30","12:30","2026-04-29 11:36:16","2026-04-29 11:36:16"
1501,13,34,"2026-04-27","07:16","05:30","2026-04-29 11:40:39","2026-04-29 11:40:39"
1502,13,35,"2026-04-27","08:45","06:00","2026-04-29 11:41:24","2026-04-29 11:41:24"
1503,13,34,"2026-04-28","07:45","05:00","2026-04-29 11:44:03","2026-04-29 11:44:30"
1506,13,35,"2026-04-28","08:50","06:00","2026-04-29 11:45:14","2026-04-29 11:45:29"
1508,9,24,"2026-04-02","09:10","04:15","2026-04-29 12:48:36","2026-04-29 12:48:36"
1509,9,24,"2026-04-01","09:10","04:15","2026-04-29 14:35:16","2026-04-29 14:35:16"
1510,9,25,"2026-04-01","08:04","04:15","2026-04-29 14:35:37","2026-04-29 14:35:37"
1511,9,31,"2026-04-01","08:20","04:15","2026-04-29 14:37:20","2026-04-29 14:37:20"
1512,9,32,"2026-04-01","08:20","04:15","2026-04-29 14:37:56","2026-04-29 14:37:56"
1513,9,33,"2026-04-01","08:37","04:15","2026-04-29 14:38:51","2026-04-29 14:38:51"
1514,9,241,"2026-04-01","08:10","04:15","2026-04-29 14:39:19","2026-04-29 14:39:19"
1515,9,242,"2026-04-01","08:10","04:15","2026-04-29 14:39:40","2026-04-29 14:39:40"
1516,9,243,"2026-04-01","08:10","04:15","2026-04-29 14:40:05","2026-04-29 14:40:05"
1517,9,25,"2026-04-02","08:04","04:15","2026-04-29 14:41:48","2026-04-29 14:41:48"
1518,9,31,"2026-04-02","08:20","04:15","2026-04-29 14:42:18","2026-04-29 14:42:18"
1519,9,32,"2026-04-02","08:20","04:15","2026-04-29 14:44:29","2026-04-29 14:44:29"
1520,9,33,"2026-04-02","08:37","04:15","2026-04-29 14:44:52","2026-04-29 14:44:52"
1521,82,141,"2026-04-28","08:32","19:30","2026-04-29 14:57:28","2026-04-29 14:57:28"
1522,28,87,"2026-04-06","","","2026-04-29 15:37:03","2026-04-29 15:37:03"
1523,28,87,"2026-04-07","","","2026-04-29 15:37:26","2026-04-29 15:37:26"
1525,28,87,"2026-04-08","","","2026-04-29 15:37:54","2026-04-29 15:37:54"
1526,28,87,"2026-04-09","","","2026-04-29 15:38:27","2026-04-29 15:38:27"
1527,28,87,"2026-04-10","","","2026-04-29 15:40:42","2026-04-29 15:40:42"
1529,28,87,"2026-04-15","","","2026-04-29 15:41:46","2026-04-29 15:41:46"
1530,28,87,"2026-04-16","","","2026-04-29 15:42:19","2026-04-29 15:42:19"
1531,28,87,"2026-04-17","","","2026-04-29 15:42:44","2026-04-29 15:42:44"
1532,28,87,"2026-04-20","","","2026-04-29 15:43:42","2026-04-29 15:43:42"
1533,28,87,"2026-04-21","","","2026-04-29 15:43:58","2026-04-29 15:43:58"
1534,28,87,"2026-04-22","","","2026-04-29 15:44:27","2026-04-29 15:44:27"
1535,28,87,"2026-04-23","","","2026-04-29 15:44:52","2026-04-29 15:44:52"
1536,28,87,"2026-04-24","","","2026-04-29 15:45:14","2026-04-29 15:45:14"
1537,9,241,"2026-04-02","08:10","04:15","2026-04-29 15:47:10","2026-04-29 15:47:10"
1538,9,242,"2026-04-02","08:10","04:15","2026-04-29 15:47:26","2026-04-29 15:47:26"
1539,9,243,"2026-04-02","08:10","04:15","2026-04-29 15:47:47","2026-04-29 15:47:47"
1540,9,24,"2026-04-06","09:15","04:15","2026-04-29 15:48:44","2026-04-29 15:48:44"
1541,9,25,"2026-04-06","08:40","04:15","2026-04-29 15:49:01","2026-04-29 15:49:01"
1542,9,31,"2026-04-06","08:15","04:15","2026-04-29 15:49:19","2026-04-29 15:49:19"
1543,9,32,"2026-04-06","08:15","04:15","2026-04-29 15:49:35","2026-04-29 15:49:35"
1544,9,33,"2026-04-06","09:00","04:15","2026-04-29 15:49:53","2026-04-29 15:49:53"
1545,9,241,"2026-04-06","08:25","04:15","2026-04-29 15:50:13","2026-04-29 15:50:13"
1546,7,18,"2026-04-24","06:15","18:30","2026-04-29 15:50:33","2026-04-29 15:50:33"
1547,7,19,"2026-04-24","08:00","18:10","2026-04-29 15:51:14","2026-04-29 15:51:41"
1548,9,243,"2026-04-06","08:25","04:15","2026-04-29 15:51:21","2026-04-29 15:51:21"
1549,9,242,"2026-04-06","08:25","04:15","2026-04-29 15:51:37","2026-04-29 15:51:37"
1551,7,20,"2026-04-24","07:30","17:30","2026-04-29 15:52:23","2026-04-29 15:52:23"
1552,9,24,"2026-04-07","","","2026-04-29 15:52:32","2026-04-29 15:52:32"
1553,9,25,"2026-04-07","08:50","04:15","2026-04-29 15:53:04","2026-04-29 15:53:04"
1554,9,31,"2026-04-07","08:20","04:15","2026-04-29 15:54:17","2026-04-29 15:54:17"
1555,9,32,"2026-04-07","08:45","04:15","2026-04-29 15:55:03","2026-04-29 15:55:03"
1556,9,33,"2026-04-07","08:55","04:15","2026-04-29 15:55:26","2026-04-29 15:55:26"
1557,7,18,"2026-04-18","06:15","17:30","2026-04-29 15:55:48","2026-04-29 15:55:48"
1558,9,241,"2026-04-07","08:05","04:15","2026-04-29 15:55:51","2026-04-29 15:55:51"
1559,9,242,"2026-04-07","08:05","04:15","2026-04-29 15:56:06","2026-04-29 15:56:06"
1560,9,243,"2026-04-07","08:05","04:15","2026-04-29 15:56:24","2026-04-29 15:56:24"
1561,7,19,"2026-04-18","08:00","18:10","2026-04-29 15:56:31","2026-04-29 15:56:31"
1562,7,20,"2026-04-18","07:30","17:30","2026-04-29 15:57:16","2026-04-29 15:57:16"
1563,7,21,"2026-04-18","07:30","17:30","2026-04-29 15:58:09","2026-04-29 15:58:09"
1564,7,20,"2026-04-19","07:30","17:30","2026-04-29 16:02:17","2026-04-29 16:02:17"
1565,7,21,"2026-04-19","07:30","17:30","2026-04-29 16:03:03","2026-04-29 16:03:03"
1566,7,18,"2026-04-20","06:15","17:30","2026-04-29 16:04:31","2026-04-29 16:04:31"
1567,7,19,"2026-04-20","08:00","18:10","2026-04-29 16:05:24","2026-04-29 16:05:24"
1568,7,20,"2026-04-20","07:30","17:30","2026-04-29 16:06:07","2026-04-29 16:06:07"
1569,7,21,"2026-04-20","07:30","17:30","2026-04-29 16:07:15","2026-04-29 16:07:15"
1570,9,24,"2026-04-08","09:10","04:15","2026-04-29 16:11:15","2026-04-29 16:11:15"
1571,9,25,"2026-04-08","08:35","04:15","2026-04-29 16:11:46","2026-04-29 16:11:46"
1572,9,31,"2026-04-08","07:51","04:15","2026-04-29 16:12:02","2026-04-29 16:12:02"
1573,7,18,"2026-04-21","06:15","17:30","2026-04-29 16:12:13","2026-04-29 16:12:13"
1574,9,32,"2026-04-08","08:20","04:15","2026-04-29 16:12:24","2026-04-29 16:12:24"
1575,9,33,"2026-04-08","08:30","04:15","2026-04-29 16:12:45","2026-04-29 16:12:45"
1576,7,19,"2026-04-21","08:00","18:10","2026-04-29 16:12:54","2026-04-29 16:12:54"
1577,9,241,"2026-04-08","08:08","04:15","2026-04-29 16:13:04","2026-04-29 16:13:04"
1578,9,242,"2026-04-08","08:08","04:15","2026-04-29 16:13:21","2026-04-29 16:13:21"
1579,9,243,"2026-04-08","08:08","04:15","2026-04-29 16:13:38","2026-04-29 16:13:38"
1580,7,20,"2026-04-21","07:30","17:30","2026-04-29 16:13:39","2026-04-29 16:13:39"
1581,7,21,"2026-04-21","07:30","17:30","2026-04-29 16:15:03","2026-04-29 16:15:03"
1582,7,18,"2026-04-22","06:15","17:30","2026-04-29 16:15:55","2026-04-29 16:15:55"
1583,9,24,"2026-04-09","09:05","04:15","2026-04-29 16:16:19","2026-04-29 16:16:19"
1584,9,25,"2026-04-09","08:40","04:15","2026-04-29 16:16:39","2026-04-29 16:16:39"
1585,9,31,"2026-04-09","08:05","04:15","2026-04-29 16:17:27","2026-04-29 16:17:27"
1586,7,19,"2026-04-22","08:00","18:10","2026-04-29 16:18:16","2026-04-29 16:18:16"
1587,9,32,"2026-04-09","08:30","04:15","2026-04-29 16:18:45","2026-04-29 16:18:45"
1588,9,33,"2026-04-09","08:35","04:15","2026-04-29 16:19:26","2026-04-29 16:19:26"
1589,7,20,"2026-04-22","07:30","17:30","2026-04-29 16:19:55","2026-04-29 16:19:55"
1590,9,241,"2026-04-09","08:18","04:15","2026-04-29 16:20:00","2026-04-29 16:20:00"
1591,9,242,"2026-04-09","08:18","04:15","2026-04-29 16:20:21","2026-04-29 16:20:21"
1592,7,21,"2026-04-22","07:30","17:30","2026-04-29 16:20:27","2026-04-29 16:20:27"
1593,4,10,"2026-04-29","08:33","12:33","2026-04-29 11:03:54","2026-04-29 11:03:54"
