"ID","POYA_DATE","DESCRIPTION","CREATED_AT"
1,"2026-01-03","Duruthu Poya","2026-03-23 09:49:25"
2,"2026-02-01","Navam Poya","2026-03-23 09:49:25"
3,"2026-03-02","Medin Poya","2026-03-23 09:49:25"
4,"2026-04-01","Bak Poya","2026-03-23 09:49:25"
5,"2026-05-01","Vesak Poya","2026-03-23 09:49:25"
6,"2026-06-29","Poson Poya","2026-03-23 09:49:26"
7,"2026-07-29","Esala Poya","2026-03-23 09:49:26"
8,"2026-08-27","Nikini Poya","2026-03-23 09:49:26"
9,"2026-09-29","Binara Poya","2026-03-23 09:49:26"
10,"2026-10-25","Vap Poya","2026-03-23 09:49:26"
11,"2026-11-24","Il Poya","2026-03-23 09:49:26"
12,"2026-12-23","Unduvap Poya","2026-03-23 09:49:26"
13,"2026-05-30","ADHI POSON","2026-03-23 09:53:46"
