"ID","SITE_ID","TASK_NAME","INVOICE_PRICE","CREATED_AT"
516,43,"Refund Cheques (Cheques Dispatching & Dispatch Record Maintaining)				",12,"2026-04-02 12:56:44"
517,43,"Customized Policy  Documents				",176,"2026-04-02 12:56:44"
518,43,"Customized Printing of Good Health Cards and insertion				",50,"2026-04-02 12:56:44"
519,43,"Monthly Endrostment count 				",20,"2026-04-02 12:56:44"
520,43,"Endrostment DOCUMENT SCANNING & INDEZXING UPLOADING				",1.95,"2026-04-02 12:56:44"
521,43,"Investment And Savings Scanning & Uploads				",1.95,"2026-04-02 12:56:44"
522,43," Scanning count 				",1.95,"2026-04-02 12:56:44"
523,43,"Data Entry of Loan Protection 			",349.99,"2026-04-02 12:56:44"
524,13,"Document Matching & check data accuracy, Document Illoting & insert PVC card			",37.5,"2026-04-02 12:57:57"
525,13,"Policy Schedule, Proposal and other related Document Printing				",2.7,"2026-04-02 12:57:57"
526,13,"Printing of one-sided CARD Printing 				",5.75,"2026-04-02 12:57:57"
527,13,"Printing of Policy Certificate				",2.7,"2026-04-02 12:57:57"
528,13,"Preparation of packs by inserting cover letter, policy certificate and health card 				",19.99,"2026-04-02 12:57:57"
529,12,"GLH",3.9,"2026-04-02 12:58:46"
530,12,"CL	",3.9,"2026-04-02 12:58:46"
531,12,"CLM	",3.9,"2026-04-02 12:58:46"
46,7,"LIFE A3 Images single side				",4.6,"2026-03-19 15:21:44"
532,12,"PER	",3.88,"2026-04-02 12:58:46"
533,12,"PRU	",3.9,"2026-04-02 12:58:46"
534,12,"UW 	",3.9,"2026-04-02 12:58:46"
535,12,"UWM	",3.9,"2026-04-02 12:58:46"
536,12,"PRUM	",3.9,"2026-04-02 12:58:46"
537,12,"CL SHARE 	",3.9,"2026-04-02 12:58:46"
45,7,"LIFE A4  Images single side				",2.5,"2026-03-19 15:21:44"
47,7,"AROGYA A4 Images single side				",2.5,"2026-03-19 15:21:44"
48,7,"AROGYA A3 Images single side				",4.6,"2026-03-19 15:21:44"
49,7,"MATHURITY A4 Images single side				",2.5,"2026-03-19 15:21:44"
50,7,"MATHURITY A3 Images single side				",4.6,"2026-03-19 15:21:44"
51,7,"PHS A4 Images single side				",2.5,"2026-03-19 15:21:44"
52,7,"PHS A3 Images single side				",4.6,"2026-03-19 15:21:44"
53,7,"OTHER SCAN A4  Images				",2.5,"2026-03-19 15:21:44"
54,7,"OTHER SCAN A3  Images				",4.6,"2026-03-19 15:21:44"
55,7,"Register Post List Imgages A4				",2.5,"2026-03-19 15:21:44"
56,7,"MEDICAL BILL A4 Images				",2.5,"2026-03-19 15:21:44"
57,7,"LIFE GROUP A4 Images				",2.5,"2026-03-19 15:21:44"
538,12,"UW SHARE 	",3.9,"2026-04-02 12:58:46"
539,12,"CL Center	",3.9,"2026-04-02 12:58:46"
540,12,"SV	",3.87,"2026-04-02 12:58:46"
607,34,"File",0,"2026-04-06 13:50:42"
610,101,"Scanning",4.1,"2026-04-06 15:20:30"
697,6,"Scanning and indexing service for Leasing Applications – A3 & Below				",5,"2026-04-24 10:34:26"
631,32,"SCM3 Verification agreements count - Physical                              				",10,"2026-04-07 09:14:33"
548,36,"Document Scanning A4 Size 			",3.25,"2026-04-03 14:54:55"
69,19,"Return Policy Re Generation (Underwriting)				",176,"2026-03-19 16:45:12"
70,19,"Re-Print Customized Policy  Documents (UW & ASSIGNMENT)				",176,"2026-03-19 16:45:12"
71,19,"Customize Policy Printing & preperation MOQ Agreement				",176,"2026-03-19 16:45:12"
72,19,"Ballance for the MOQ Agreement				",176,"2026-03-19 16:45:12"
73,19,"Return Policy Re-arrangement				",20,"2026-03-19 16:45:12"
74,19,"Manual Policy Preperation				",20,"2026-03-19 16:45:12"
75,19,"provided by softlogic admin				",50,"2026-03-19 16:45:12"
76,19,"Customized Printing of health cards and insertion Card + Printing)				",50,"2026-03-19 16:45:12"
77,19,"Print Customized Policy  Documents				",176,"2026-03-19 16:45:12"
78,19,"provided by softlogic admin				",50,"2026-03-19 16:45:12"
79,19,"Assignments Customized  Policy Doucments			",20,"2026-03-19 16:45:12"
80,19,"Policy Post (Re arangemet)				",20,"2026-03-19 16:45:12"
81,19,"Print page count 				",1.2,"2026-03-19 16:45:12"
644,121,"Mandate Scanning And Digitizing",2.3,"2026-04-10 08:41:41"
661,20,"SCANNING 			",2.4,"2026-04-20 11:33:22"
549,36,"Indexing Charges for additional fields			",1,"2026-04-03 14:54:55"
684,11,"1.3 VERIFICATION OF BUNDLE NUMBER",0.8,"2026-04-24 10:24:15"
685,11,"2.1 DATA ENTRY WITH VERIFICATION OF PAYMENT YEAR AND MONTH",1.65,"2026-04-24 10:24:15"
686,11,"2.2 DATA ENTRY WITH VERIFICATION OF PAYMENT CATEGORY",1.65,"2026-04-24 10:24:15"
687,11,"3.1 PRINTING CHARGES OF SUMMARY REPORT OF C1, SURCHARGES, CL, UP/OP, & ERROR REPROT",10,"2026-04-24 10:24:15"
688,39,"Policy Preparation for despatching",40,"2026-04-24 10:27:16"
689,39,"MOQ Balance  Policy Preparation for despatching ",40,"2026-04-24 10:27:16"
700,18,"File",0,"2026-04-24 10:39:01"
698,18,"Converting Physical Documents to DIGITAL Images - A4 image 				",3,"2026-04-24 10:39:01"
699,18,"Converting Physical Documents to DIGITAL Images -A3 image 				",5.25,"2026-04-24 10:39:01"
632,32,"Preparing the archival Boxes including packing list 				 				",100,"2026-04-07 09:14:33"
633,32,"Preparing the archival Boxes which comes directly from courier 				 				",100,"2026-04-07 09:14:33"
634,32,"Preparing the archival Boxes including packing list 				",100,"2026-04-07 09:14:33"
635,32,"RE SENDING THE INCOMPLETE AGREEMENTS  BACK TO BRANCHES				 				",100,"2026-04-07 09:14:33"
665,83,"Scanning",3.75,"2026-04-20 11:39:34"
629,32,"AGREEMENTS  RETRIVE				 				",150,"2026-04-07 09:14:33"
628,103,"SCM3 Verification agreements count - Online          ",15,"2026-04-07 09:14:06"
605,34,"Scanning",0,"2026-04-06 13:50:42"
606,34,"Exel",0,"2026-04-06 13:50:42"
677,30,"Return POD Packets                                       				 				",100,"2026-04-20 12:22:09"
611,101,"File",0,"2026-04-06 15:20:30"
678,30,"Completed Boxes count 				 				",99.96,"2026-04-20 12:22:09"
681,8,"Scaning",4.3,"2026-04-24 10:20:44"
662,20,"Data Entry",0,"2026-04-20 11:33:22"
667,10,"A3 and Above				",5.25,"2026-04-20 11:42:52"
617,102,"Staff outsourcing Per Person			",2362.5,"2026-04-07 09:03:08"
618,102,"Extra Hours				",442.97,"2026-04-07 09:03:08"
666,83,"File",0,"2026-04-20 11:39:34"
668,10,"Indexing Charges for additional fields				",1,"2026-04-20 11:42:52"
630,32,"Document Boxes storage 				 				",50,"2026-04-07 09:14:33"
669,10,"Setup & Installation of Hardware (Scanners & Laptops) at customers site – One time payment 				",10000,"2026-04-20 11:42:52"
670,10,"Includes Data Entry, pre scanning Physical Document Preparation, uploading to a DMS",3.75,"2026-04-20 11:42:52"
671,10,"Converting documents (Damaged or Fragile) using overhead book scanners				",4.5,"2026-04-20 11:42:52"
645,121,"PREPARATION",0,"2026-04-10 08:41:41"
146,9,"Opening of New Files ",8,"2026-03-19 22:43:19"
672,29,"DOCUMENT SCANNING-  Less than 500,000 page",2.75,"2026-04-20 11:46:53"
673,29,"DOCUMENT SCANNING- page500,000- 2,000,000 ",1.6,"2026-04-20 11:46:53"
147,9,"Issuing anf Replacing Files ",10.25,"2026-03-19 22:43:19"
148,9,"Inserting 'C'Forms ",3.6,"2026-03-19 22:43:19"
149,9,"Packing Files into Carton Along with Packing list ",250,"2026-03-19 22:43:19"
674,29,"DOCUMENT SCANNING- Above 2,000,000 images  ",1.5,"2026-04-20 11:46:53"
675,29,"Scaning",0,"2026-04-20 11:46:53"
676,30,"Singhagiri Agreements Checking, NIC Number and data entry to excel report 				 				",2,"2026-04-20 12:22:09"
682,11,"1.1 VERIFICATION OF EMPLOYERS ZONE AND NUMBER",0.8,"2026-04-24 10:24:15"
683,11,"1.2 VERIFICATION OF CONTRIBUTION AMOUNT",0.8,"2026-04-24 10:24:15"
690,39,"Policyand letter printing ",2.6,"2026-04-24 10:27:16"
695,6,"File",0,"2026-04-24 10:34:26"
696,6,"""Scanning and indexing service for Leasing Applications – A4 & Below Indexes: Facility Number Output :200dpi / B&W/ PDF""				",2.74,"2026-04-24 10:34:26"
691,39,"Collecting pre- printed Insurance Cards from the Client and customized printing of the Client name, Policy No etc . using Our Printer and consumables",70,"2026-04-24 10:27:16"
692,39,"Collecting ore printed insurance Cards from the client and and customized printing  of  the  Client  name,  Policy  No  etc.  using  Client’s  Printer  and",10,"2026-04-24 10:27:16"
693,39,"Letter Printing (Non Split) ",2.6,"2026-04-24 10:27:16"
694,39,"Letter preparation for despatching and handing over",5,"2026-04-24 10:27:16"
701,3,"Document scanning and digitizing 				",1.8,"2026-04-24 10:45:46"
727,14,"Scaning						",5.5,"2026-04-29 09:55:11"
728,14,"Preparation",0,"2026-04-29 09:55:11"
729,28,"DOCUMENT SCANNING A4          				",2.9,"2026-04-29 15:36:13"
730,28,"DOCUMENT SCANNING A3             				",3.6,"2026-04-29 15:36:13"
725,14,"Scanning of GRN Lists 			",2.5,"2026-04-29 09:55:11"
726,14,"MIRO Updating ",10,"2026-04-29 09:55:11"
182,15,"DISCHARGE SUMMARIES",3.25,"2026-03-19 22:55:12"
183,15,"DISCHARGE SUMMARIES",3.25,"2026-03-19 22:55:12"
184,15,"BILLING CARDS",3.25,"2026-03-19 22:55:12"
185,15,"ENDOSCOPIES",3.23,"2026-03-19 22:55:12"
186,15,"DIAGNOSIS CARDS",3.25,"2026-03-19 22:55:12"
187,15,"REGISTRATION FORMS  ",3.25,"2026-03-19 22:55:12"
188,15,"OLD DEATH SUMMARY COUNT",3.25,"2026-03-19 22:55:12"
189,15,"SUMMARY COUNT",3.25,"2026-03-19 22:55:12"
190,15,"COVID DISCHARGE SUMMARIES",3.25,"2026-03-19 22:55:12"
215,25,"Cost of Transportation and setting up the scanners (applicable only for on-premise scanning).			",10000,"2026-03-19 23:10:55"
228,26,"To Convert Physical Documents to DIGITAL Images  (Up to A4/legal)				",3.51,"2026-03-19 23:22:26"
270,23,"Converting Physical Documents to DIGITAL Images - Article A4 image				",3.25,"2026-03-20 09:28:01"
213,25,"Converting Physical Documents to digital Images using book scanner (Bounded documents and A3 size)			",4.5,"2026-03-19 23:10:55"
214,25,"A4 & LEGAL",2.5,"2026-03-19 23:10:55"
271,23,"Converting Physical Documents to DIGITAL Images - Letters A4 image				",3.22,"2026-03-20 09:28:01"
272,37,"Page Count up to 61 – 80 (40A4 Papers max/duplex printing)				",210,"2026-03-20 09:30:33"
310,27,"DOCUMENT SCANNING A4",2.9,"2026-03-20 18:32:20"
311,27,"DOCUMENT SCANNING A3",3.6,"2026-03-20 18:32:20"
243,35,"Document scanning and digitizing 				",1.8,"2026-03-19 23:37:21"
274,37,"Page Count up to 60(30A4 Papers with duplex printing)				",190,"2026-03-20 09:30:33"
261,16,"Scanning",2,"2026-03-20 08:02:05"
312,27,"UPLODING ",0,"2026-03-20 18:32:20"
262,17,"Staff outsourcing 			 				",2249.98,"2026-03-20 08:03:41"
273,37,"Page Count up to 30  (15A4 Papers with duplex printing)				",150,"2026-03-20 09:30:33"
286,33,"Document scanning and digitizing 				",2.4,"2026-03-20 09:59:06"
297,45,"SCANNING",0,"2026-03-20 11:12:27"
332,4,"Digital Policy Creation ",20,"2026-03-23 12:30:21"
333,4,"Digital Policy certificate Creation ",15,"2026-03-23 12:30:21"
334,4,"printing of Policy Certificate on letter Heads or pre-printed template on 300 gms",15,"2026-03-23 12:30:21"
335,4,"DTA Policy Book",275,"2026-03-23 12:30:21"
336,4,"SAMPATH BANK LETTER HEAD",11.5,"2026-03-23 12:30:21"
337,4,"Policy Repriting New Business (Certificate)",20,"2026-03-23 12:30:21"
338,4,"Policy Repriting New Business (BOOK)",275,"2026-03-23 12:30:21"
330,4,"""Preparation of Packs by inserting cover letter, policy certificate and health card """,20,"2026-03-23 12:30:21"
331,4,"MOQ Policy certificate Creation ",20,"2026-03-23 12:30:21"
339,4,"Policy Repriting Banca (Certificate)",20,"2026-03-23 12:30:21"
340,4,"Policy Repriting Banca (BOOK)",275,"2026-03-23 12:30:21"
341,4,"Policy Repriting DTA",275,"2026-03-23 12:30:21"
342,4,"Policy Repriting PHS",275,"2026-03-23 12:30:21"
343,4,"Policy Repriting PHS (Certificate)",20,"2026-03-23 12:30:21"
344,4,"Manual Policy Book Preparation Group Life ",4,"2026-03-23 12:30:21"
345,4,"Manual Policy Book Preparation New Business",4,"2026-03-23 12:30:21"
346,4,"Manual Policy Book Preparation Banca",4,"2026-03-23 12:30:21"
347,4,"Manual Policy Book Preparation DTA",4,"2026-03-23 12:30:21"
348,4,"Manual Policy Book Preparation PHS",4,"2026-03-23 12:30:21"
349,4,"Return Policy Book Preparation BRANCH",4,"2026-03-23 12:30:21"
350,4,"Return Policy Book Preparation PHS",4,"2026-03-23 12:30:21"
351,4,"Return Policy Book Preparation BANCA",4,"2026-03-23 12:30:21"
352,4,"Return Policy Book Preparation DTA",4,"2026-03-23 12:30:21"
353,4,"Return Policy Book Preparation ENDORSEMENT(PHS)",4,"2026-03-23 12:30:21"
354,4,"Endorsement Printing PHS",40,"2026-03-23 12:30:21"
355,4,"Endorsement Printing with cards (PHS)",50,"2026-03-23 12:30:21"
356,4,"Auto Generate Letters (Half Yearly Statement) (PHS)",18.5,"2026-03-23 12:30:21"
357,4,"Auto Generate Account Statement  (PHS)",0,"2026-03-23 12:30:21"
358,4,"Auto Generate Cs Short Premium Letters (PHS)",11.5,"2026-03-23 12:30:21"
359,4,"Auto Generated Lapes Notice (PHS)",18.5,"2026-03-23 12:30:21"
360,4,"Auto Generated Premium Notice (PHS)",11.5,"2026-03-23 12:30:21"
361,4,"Auto Generated Revival Notice (PHS)",11.5,"2026-03-23 12:30:21"
362,4,"Premium Paying Term (PHS)",11.5,"2026-03-23 12:30:21"
363,4,"Number Change (PHS)",11.5,"2026-03-23 12:30:21"
364,4,"COM Bank (PHS)",11.5,"2026-03-23 12:30:21"
365,4,"KYC Letter (PHS)",25.5,"2026-03-23 12:30:21"
366,4,"FULLY PAID Letter (PHS)",11.5,"2026-03-23 12:30:21"
367,4,"Suspense Letter (PHS)",11.5,"2026-03-23 12:30:21"
368,4,"PHS Letter  (Register Post) (PHS)",11.5,"2026-03-23 12:30:21"
369,4,"PHS Reprint Card with Letter (PHS)",21.5,"2026-03-23 12:30:21"
370,4,"PHS Letter Uploding & dispaching         (PHS)        ",11.5,"2026-03-23 12:30:21"
371,4,"Auto Surrender Letter - Claims",11.5,"2026-03-23 12:30:21"
372,4,"Auto Surrender Letter (Register Post) - Claims",11.5,"2026-03-23 12:30:21"
373,4,"Auto Claims Letter - Claims",11.5,"2026-03-23 12:30:21"
374,4,"Maturity Claims Letter - Claims ",25.5,"2026-03-23 12:30:21"
375,4,"WelCome Letters",18.5,"2026-03-23 12:30:21"
376,4,"WelCome Letters  (Register Post)",18.5,"2026-03-23 12:30:21"
377,4,"Group Life Letters Printing",0,"2026-03-23 12:30:21"
378,4,"New Business Letters Printing",11.5,"2026-03-23 12:30:21"
379,4,"Cheque Return Letters (New Business) (Register Post)",11.5,"2026-03-23 12:30:21"
380,4,"DOCTOR RENEWAL LETTERS (NEW BUSINESS)(SPEED POST)",32.5,"2026-03-23 12:30:21"
407,61,"DTA - PDF Scanning",3,"2026-03-23 13:08:23"
408,61,"PHS - PDF Scanning",3,"2026-03-23 13:08:23"
409,61,"Claims - PDF Scanning",3,"2026-03-23 13:08:23"
410,61,"GROUP LIFE SURGICAL - PDF Scanning",3,"2026-03-23 13:08:23"
411,61,"GROUP LIFE  - PDF Scanning",3,"2026-03-23 13:08:23"
412,61,"Finance Department - PDF Scanning",3,"2026-03-23 13:08:23"
413,61,"CORPORATE CHANNEL OPERATIONS  (ALEX ANTHONY) - PDF Scanning",3,"2026-03-23 13:08:23"
414,61,"LIFE OPERATIONS PA (THARINI PITIGALA) - PDF Scanning",3,"2026-03-23 13:08:23"
415,61,"KYC Letters - Letter Uploading",3,"2026-03-23 13:08:23"
416,61,"Fully paid Letters - Letter Uploading",3,"2026-03-23 13:08:23"
417,61,"Banca Department Branches - Letter Uploading",3,"2026-03-23 13:08:23"
418,61,"Claims Department Branches - Letter Uploading",3,"2026-03-23 13:08:23"
419,61,"DTA Department Branches - Letter Uploading",3,"2026-03-23 13:08:23"
420,61,"""Uploading and Dispaching only (Share folder) - PHS",3,"2026-03-23 13:08:23"
421,61,"PHS Reprint Card with Letter (PHS)",3,"2026-03-23 13:08:23"
422,61,"Primium paying term letters uploading - PHS",3,"2026-03-23 13:08:23"
423,61,"Suspense letters - PHS",3,"2026-03-23 13:08:23"
424,61,"Uploading ONLY - PHS",3,"2026-03-23 13:08:23"
425,61,"Number change  (upload only) - PHS",3,"2026-03-23 13:08:23"
426,61,"PHS registor letters upload - PHS",3,"2026-03-23 13:08:23"
441,38,"Policy Preparation",45,"2026-03-31 10:34:47"
403,62,"Termination Letters",11.5,"2026-03-23 13:08:00"
404,62,"Policy Reallocation letters ",11.5,"2026-03-23 13:08:00"
405,61,"New Business - PDF Scanning",3,"2026-03-23 13:08:23"
406,61,"Banca - PDF Scanning",3,"2026-03-23 13:08:23"
442,40,"Receiving Pre-printed policy up to 2000 policies Rs.29/=  ",29,"2026-03-31 10:42:14"
443,40,"Receiving Pre-printed policy above 2000 policies Rs.27/=",27,"2026-03-31 10:42:14"
444,40,"PDF Merge			 			",10,"2026-03-31 10:42:14"
445,40,"QR Page count			 			",2.5,"2026-03-31 10:42:14"
446,40,"Policy Book Storage 			 			",1,"2026-03-31 10:42:14"
447,40,"PRINTING COST 			",2.5,"2026-03-31 10:42:14"
448,40,"ADDITIONAL PRINTING COST 			",3.99,"2026-03-31 10:42:14"
449,40,"COURIER CHAGRES 			",580,"2026-03-31 10:42:14"
450,40,"Policy Book Delivery 			",1500,"2026-03-31 10:42:14"
451,22,"Staff outsourcing ",55000,"2026-03-31 11:02:46"
452,22,"OT Hours",300,"2026-03-31 11:02:46"
476,81,"Letter Printing -(MATURITY,PENDING GREEN LIST, RED LIST)",2.6,"2026-03-31 11:36:09"
477,81,"Letter preparation for despatching and handing over",5,"2026-03-31 11:36:09"
478,81,"Letter Printing - Half Year ",2.6,"2026-03-31 11:36:09"
479,81,"Letter preparation for despatching and handing over",5,"2026-03-31 11:36:09"
480,24,"Administration",2.25,"2026-04-01 16:27:16"
481,24,"Surgical Claims",2.25,"2026-04-01 16:27:16"
482,24,"Motor (UW)",2.25,"2026-04-01 16:27:16"
483,24,"Motor Claims",2.25,"2026-04-01 16:27:16"
484,24,"PD Unit",2.25,"2026-04-01 16:27:16"
485,24,"Non Motor Claims",2.25,"2026-04-01 16:27:16"
486,24,"Finance",2.25,"2026-04-01 16:27:16"
487,24,"Sales",2.24,"2026-04-01 16:27:16"
488,24,"Property",2.25,"2026-04-01 16:27:16"
489,24,"IT",2.25,"2026-04-01 16:27:16"
490,24,"Legal",2.25,"2026-04-01 16:27:16"
491,24,"Travel",2.25,"2026-04-01 16:27:16"
492,24,"Surgical (UW)",2.25,"2026-04-01 16:27:16"
493,24,"Reisurance",2.25,"2026-04-01 16:27:16"
494,82,"Staff outsourcing ",1928.57,"2026-04-02 12:24:38"
495,82,"Staff outsourcing ",1928.57,"2026-04-02 12:24:38"
496,82,"Staff outsourcing ",1928.57,"2026-04-02 12:24:38"
497,82,"Staff outsourcing ",1928.57,"2026-04-02 12:24:38"
498,82,"OT Hours  				",399.97,"2026-04-02 12:24:38"
501,42,"UNDERWRITING  - Scanning & Uploading				",1.95,"2026-04-02 12:56:29"
502,42,"SERVISING - Scanning & Uploading 				",1.95,"2026-04-02 12:56:29"
503,42,"PAYMENT VOUCHER - Scanning & Uploading				",1.95,"2026-04-02 12:56:29"
504,42,"STRUCTURED - Scanning & Uploading 				",1.95,"2026-04-02 12:56:29"
505,42,"CLAIMS - Scanning & Uploading				",1.95,"2026-04-02 12:56:29"
506,42,"SSU - Scanning & Uploading				",1.95,"2026-04-02 12:56:29"
507,42,"PDF			",1.95,"2026-04-02 12:56:29"
508,42,"Distributin Administration - Scanning & Uploading				",1.94,"2026-04-02 12:56:29"
509,43," Complete Policy File Preperation				",20,"2026-04-02 12:56:44"
510,43,"Return Policy Re-arrangement 				",20,"2026-04-02 12:56:44"
511,43,"Group Life Policy Documents				",20,"2026-04-02 12:56:44"
512,43,"Group file policy 				",20,"2026-04-02 12:56:44"
513,43,"Postal Savings (US Policies)				",20,"2026-04-02 12:56:44"
514,43," Schedule only preperation				",10,"2026-04-02 12:56:44"
515,43,"Customized Printing of health cards and insertion 				",50,"2026-04-02 12:56:44"
